REGION	POS	REF	ALT	REF_DP	REF_RV	REF_QUAL	ALT_DP	ALT_RV	ALT_QUAL	ALT_FREQ	TOTAL_DP	PVAL	PASS	GFF_FEATURE	REF_CODON	REF_AA	ALT_CODON	ALT_AA	POS_AA
NC_045512.2	60	T	A	1022	488	90	1	1	81	0.000977517	1023	0.500244	FALSE	NA	NA	NA	NA	NA	NA
NC_045512.2	61	G	-T	1023	490	89	2	0	20	0.00195503	1023	0.996943	FALSE	NA	NA	NA	NA	NA	NA
NC_045512.2	61	G	+T	1023	490	89	5	0	20	0.00488759	1023	0.942759	FALSE	NA	NA	NA	NA	NA	NA
NC_045512.2	62	T	A	1020	488	88	1	1	79	0.000979432	1021	0.500245	FALSE	NA	NA	NA	NA	NA	NA
NC_045512.2	66	C	G	1022	489	89	1	1	48	0.000977517	1023	0.500244	FALSE	NA	NA	NA	NA	NA	NA
NC_045512.2	67	T	-A	1024	490	90	3	0	20	0.00292969	1024	0.989173	FALSE	NA	NA	NA	NA	NA	NA
NC_045512.2	67	T	+G	1024	490	90	1	0	20	0.000976562	1024	0.99953	FALSE	NA	NA	NA	NA	NA	NA
NC_045512.2	67	T	+A	1024	490	90	2	0	20	0.00195312	1024	0.996943	FALSE	NA	NA	NA	NA	NA	NA
NC_045512.2	68	A	T	1008	487	88	1	1	45	0.00099108	1009	0.499752	FALSE	NA	NA	NA	NA	NA	NA
NC_045512.2	30760	T	A	0	0	0	1	1	72	1	1	1	FALSE	NA	NA	NA	NA	NA	NA
NC_045512.2	30761	A	T	0	0	0	1	1	93	1	1	1	FALSE	NA	NA	NA	NA	NA	NA
NC_045512.2	30762	A	G	0	0	0	1	1	93	1	1	1	FALSE	NA	NA	NA	NA	NA	NA
NC_045512.2	30763	T	C	0	0	0	1	1	60	1	1	1	FALSE	NA	NA	NA	NA	NA	NA
NC_045512.2	30764	A	T	0	0	0	1	1	52	1	1	1	FALSE	NA	NA	NA	NA	NA	NA
NC_045512.2	30768	T	C	0	0	0	1	1	56	1	1	1	FALSE	NA	NA	NA	NA	NA	NA
NC_045512.2	30769	C	T	0	0	0	1	1	62	1	1	1	FALSE	NA	NA	NA	NA	NA	NA
NC_045512.2	30771	T	G	0	0	0	1	1	89	1	1	1	FALSE	NA	NA	NA	NA	NA	NA
NC_045512.2	30772	A	C	0	0	0	1	1	52	1	1	1	FALSE	NA	NA	NA	NA	NA	NA
NC_045512.2	30774	G	T	0	0	0	1	1	26	1	1	1	FALSE	NA	NA	NA	NA	NA	NA
NC_045512.2	29790	A	T	1	1	93	1	1	77	0.5	2	0.666667	FALSE	NA	NA	NA	NA	NA	NA
NC_045512.2	29791	T	C	1	1	93	1	1	93	0.5	2	0.666667	FALSE	NA	NA	NA	NA	NA	NA
NC_045512.2	29792	A	G	0	0	0	1	1	93	0.5	2	0.5	FALSE	NA	NA	NA	NA	NA	NA
NC_045512.2	29792	A	C	0	0	0	1	1	51	0.5	2	0.5	FALSE	NA	NA	NA	NA	NA	NA
NC_045512.2	29794	G	C	0	0	0	1	1	74	0.5	2	0.5	FALSE	NA	NA	NA	NA	NA	NA
NC_045512.2	29794	G	A	0	0	0	1	1	93	0.5	2	0.5	FALSE	NA	NA	NA	NA	NA	NA
NC_045512.2	29795	G	A	1	1	93	1	1	81	0.5	2	0.666667	FALSE	NA	NA	NA	NA	NA	NA
NC_045512.2	29796	A	T	0	0	0	2	2	83	1	2	0.333333	FALSE	NA	NA	NA	NA	NA	NA
NC_045512.2	29797	A	T	0	0	0	1	1	93	0.5	2	0.5	FALSE	NA	NA	NA	NA	NA	NA
NC_045512.2	29797	A	C	0	0	0	1	1	63	0.5	2	0.5	FALSE	NA	NA	NA	NA	NA	NA
NC_045512.2	29798	G	T	0	0	0	1	1	63	0.5	2	0.5	FALSE	NA	NA	NA	NA	NA	NA
NC_045512.2	29798	G	A	0	0	0	1	1	29	0.5	2	0.5	FALSE	NA	NA	NA	NA	NA	NA
NC_045512.2	29799	A	C	1	1	93	1	1	46	0.5	2	0.666667	FALSE	NA	NA	NA	NA	NA	NA
NC_045512.2	29800	G	C	1	1	37	1	1	93	0.5	2	0.666667	FALSE	NA	NA	NA	NA	NA	NA
NC_045512.2	29801	C	T	0	0	0	1	1	34	0.5	2	0.5	FALSE	NA	NA	NA	NA	NA	NA
NC_045512.2	29801	C	A	0	0	0	1	1	93	0.5	2	0.5	FALSE	NA	NA	NA	NA	NA	NA
NC_045512.2	29801	C	+AG	0	0	0	1	0	20	0.5	2	0.5	FALSE	NA	NA	NA	NA	NA	NA
NC_045512.2	29802	C	G	0	0	0	1	1	93	1	1	1	FALSE	NA	NA	NA	NA	NA	NA
NC_045512.2	29803	C	T	0	0	0	1	1	93	0.5	2	0.5	FALSE	NA	NA	NA	NA	NA	NA
NC_045512.2	29803	C	G	0	0	0	1	1	76	0.5	2	0.5	FALSE	NA	NA	NA	NA	NA	NA
NC_045512.2	29804	T	C	1	1	83	1	1	93	0.5	2	0.666667	FALSE	NA	NA	NA	NA	NA	NA
NC_045512.2	29805	A	C	1	1	93	1	1	64	0.5	2	0.666667	FALSE	NA	NA	NA	NA	NA	NA
NC_045512.2	29806	A	T	0	0	0	1	1	93	0.5	2	0.5	FALSE	NA	NA	NA	NA	NA	NA
NC_045512.2	29806	A	G	0	0	0	1	1	93	0.5	2	0.5	FALSE	NA	NA	NA	NA	NA	NA
NC_045512.2	29807	T	G	0	0	0	1	1	93	0.5	2	0.5	FALSE	NA	NA	NA	NA	NA	NA
NC_045512.2	29807	T	C	0	0	0	1	1	67	0.5	2	0.5	FALSE	NA	NA	NA	NA	NA	NA
NC_045512.2	29808	G	T	0	0	0	1	1	93	0.5	2	0.5	FALSE	NA	NA	NA	NA	NA	NA
NC_045512.2	29808	G	A	0	0	0	1	1	91	0.5	2	0.5	FALSE	NA	NA	NA	NA	NA	NA
NC_045512.2	29809	T	A	0	0	0	2	2	65	1	2	0.333333	FALSE	NA	NA	NA	NA	NA	NA
NC_045512.2	29810	G	C	0	0	0	2	2	73	1	2	0.333333	FALSE	NA	NA	NA	NA	NA	NA
NC_045512.2	29811	T	A	1	1	93	1	1	90	0.5	2	0.666667	FALSE	NA	NA	NA	NA	NA	NA
NC_045512.2	29812	A	G	0	0	0	1	1	93	0.5	2	0.5	FALSE	NA	NA	NA	NA	NA	NA
NC_045512.2	29812	A	C	0	0	0	1	1	70	0.5	2	0.5	FALSE	NA	NA	NA	NA	NA	NA
NC_045512.2	29813	A	T	1	1	93	1	1	90	0.5	2	0.666667	FALSE	NA	NA	NA	NA	NA	NA
NC_045512.2	29814	A	T	1	1	93	1	1	53	0.5	2	0.666667	FALSE	NA	NA	NA	NA	NA	NA
NC_045512.2	29815	A	C	0	0	0	2	2	69	1	2	0.333333	FALSE	NA	NA	NA	NA	NA	NA
NC_045512.2	29816	T	A	0	0	0	2	2	92	1	2	0.333333	FALSE	NA	NA	NA	NA	NA	NA
NC_045512.2	29817	T	A	1	1	91	1	1	64	0.5	2	0.666667	FALSE	NA	NA	NA	NA	NA	NA
NC_045512.2	29818	A	G	0	0	0	1	1	89	0.5	2	0.5	FALSE	NA	NA	NA	NA	NA	NA
NC_045512.2	29818	A	C	0	0	0	1	1	93	0.5	2	0.5	FALSE	NA	NA	NA	NA	NA	NA
NC_045512.2	29818	A	+A	0	0	0	1	0	20	0.5	2	0.5	FALSE	NA	NA	NA	NA	NA	NA
NC_045512.2	29820	T	A	0	0	0	2	2	72	1	2	0.333333	FALSE	NA	NA	NA	NA	NA	NA
NC_045512.2	29821	T	C	0	0	0	1	1	93	0.5	2	0.5	FALSE	NA	NA	NA	NA	NA	NA
NC_045512.2	29821	T	A	0	0	0	1	1	29	0.5	2	0.5	FALSE	NA	NA	NA	NA	NA	NA
NC_045512.2	29822	T	C	1	1	93	1	1	88	0.5	2	0.666667	FALSE	NA	NA	NA	NA	NA	NA
NC_045512.2	29823	T	A	1	1	35	1	1	93	0.5	2	0.666667	FALSE	NA	NA	NA	NA	NA	NA
NC_045512.2	29824	A	T	0	0	0	1	1	93	0.5	2	0.5	FALSE	NA	NA	NA	NA	NA	NA
NC_045512.2	29824	A	C	0	0	0	1	1	56	0.5	2	0.5	FALSE	NA	NA	NA	NA	NA	NA
NC_045512.2	29825	G	A	0	0	0	2	2	90	1	2	0.333333	FALSE	NA	NA	NA	NA	NA	NA
NC_045512.2	29826	T	A	1	1	93	1	1	21	0.5	2	0.666667	FALSE	NA	NA	NA	NA	NA	NA
NC_045512.2	29827	A	G	0	0	0	1	1	93	0.5	2	0.5	FALSE	NA	NA	NA	NA	NA	NA
NC_045512.2	29827	A	C	0	0	0	1	1	37	0.5	2	0.5	FALSE	NA	NA	NA	NA	NA	NA
NC_045512.2	29828	G	T	0	0	0	2	2	89	1	2	0.333333	FALSE	NA	NA	NA	NA	NA	NA
NC_045512.2	29829	T	C	0	0	0	1	1	59	0.5	2	0.5	FALSE	NA	NA	NA	NA	NA	NA
NC_045512.2	29829	T	A	0	0	0	1	1	93	0.5	2	0.5	FALSE	NA	NA	NA	NA	NA	NA
NC_045512.2	29831	C	T	0	0	0	1	1	93	0.5	2	0.5	FALSE	NA	NA	NA	NA	NA	NA
NC_045512.2	29831	C	A	0	0	0	1	1	57	0.5	2	0.5	FALSE	NA	NA	NA	NA	NA	NA
NC_045512.2	29832	T	G	1	1	93	1	1	84	0.5	2	0.666667	FALSE	NA	NA	NA	NA	NA	NA
NC_045512.2	29833	A	G	0	0	0	2	2	61	1	2	0.333333	FALSE	NA	NA	NA	NA	NA	NA
NC_045512.2	29834	T	C	0	0	0	1	1	48	0.5	2	0.5	FALSE	NA	NA	NA	NA	NA	NA
NC_045512.2	29834	T	A	0	0	0	1	1	93	0.5	2	0.5	FALSE	NA	NA	NA	NA	NA	NA
NC_045512.2	29835	C	T	0	0	0	1	1	93	0.5	2	0.5	FALSE	NA	NA	NA	NA	NA	NA
NC_045512.2	29835	C	A	0	0	0	1	1	89	0.5	2	0.5	FALSE	NA	NA	NA	NA	NA	NA
NC_045512.2	29836	C	G	0	0	0	2	2	93	1	2	0.333333	FALSE	NA	NA	NA	NA	NA	NA
NC_045512.2	29837	C	A	1	1	48	1	1	93	0.5	2	0.666667	FALSE	NA	NA	NA	NA	NA	NA
NC_045512.2	29838	C	A	1	1	93	1	1	31	0.5	2	0.666667	FALSE	NA	NA	NA	NA	NA	NA
NC_045512.2	29839	A	G	0	0	0	1	1	61	0.5	2	0.5	FALSE	NA	NA	NA	NA	NA	NA
NC_045512.2	29839	A	C	0	0	0	1	1	93	0.5	2	0.5	FALSE	NA	NA	NA	NA	NA	NA
NC_045512.2	29840	T	C	1	1	66	1	1	76	0.5	2	0.666667	FALSE	NA	NA	NA	NA	NA	NA
NC_045512.2	29841	G	A	1	1	93	1	1	93	0.5	2	0.666667	FALSE	NA	NA	NA	NA	NA	NA
NC_045512.2	29842	T	A	1	1	93	1	1	93	0.5	2	0.666667	FALSE	NA	NA	NA	NA	NA	NA
NC_045512.2	29843	G	A	1	1	93	1	1	36	0.5	2	0.666667	FALSE	NA	NA	NA	NA	NA	NA
NC_045512.2	29844	A	T	0	0	0	1	1	93	0.5	2	0.5	FALSE	NA	NA	NA	NA	NA	NA
NC_045512.2	29844	A	C	0	0	0	1	1	62	0.5	2	0.5	FALSE	NA	NA	NA	NA	NA	NA
NC_045512.2	29845	T	G	0	0	0	1	1	78	0.5	2	0.5	FALSE	NA	NA	NA	NA	NA	NA
NC_045512.2	29845	T	C	0	0	0	1	1	93	0.5	2	0.5	FALSE	NA	NA	NA	NA	NA	NA
NC_045512.2	29846	T	C	0	0	0	1	1	71	0.5	2	0.5	FALSE	NA	NA	NA	NA	NA	NA
NC_045512.2	29846	T	A	0	0	0	1	1	93	0.5	2	0.5	FALSE	NA	NA	NA	NA	NA	NA
NC_045512.2	29847	T	A	1	1	93	1	1	52	0.5	2	0.666667	FALSE	NA	NA	NA	NA	NA	NA
NC_045512.2	29848	T	C	0	0	0	1	1	67	0.5	2	0.5	FALSE	NA	NA	NA	NA	NA	NA
NC_045512.2	29848	T	A	0	0	0	1	1	93	0.5	2	0.5	FALSE	NA	NA	NA	NA	NA	NA
NC_045512.2	29849	A	T	0	0	0	2	2	90	1	2	0.333333	FALSE	NA	NA	NA	NA	NA	NA
NC_045512.2	29850	A	T	0	0	0	2	2	71	1	2	0.333333	FALSE	NA	NA	NA	NA	NA	NA
NC_045512.2	29851	T	C	0	0	0	2	2	78	1	2	0.333333	FALSE	NA	NA	NA	NA	NA	NA
NC_045512.2	29852	A	T	1	1	85	1	1	93	0.5	2	0.666667	FALSE	NA	NA	NA	NA	NA	NA
NC_045512.2	29853	G	C	0	0	0	2	2	89	1	2	0.333333	FALSE	NA	NA	NA	NA	NA	NA
NC_045512.2	29854	C	T	1	1	48	1	1	93	0.5	2	0.666667	FALSE	NA	NA	NA	NA	NA	NA
NC_045512.2	29856	T	G	0	0	0	1	1	93	0.5	2	0.5	FALSE	NA	NA	NA	NA	NA	NA
NC_045512.2	29856	T	C	0	0	0	1	1	93	0.5	2	0.5	FALSE	NA	NA	NA	NA	NA	NA
NC_045512.2	29857	C	T	1	1	39	1	1	93	0.5	2	0.666667	FALSE	NA	NA	NA	NA	NA	NA
NC_045512.2	29858	T	A	1	1	93	1	1	93	0.5	2	0.666667	FALSE	NA	NA	NA	NA	NA	NA
NC_045512.2	29859	T	A	1	1	93	1	1	93	0.5	2	0.666667	FALSE	NA	NA	NA	NA	NA	NA
NC_045512.2	29860	A	T	0	0	0	1	1	74	0.5	2	0.5	FALSE	NA	NA	NA	NA	NA	NA
NC_045512.2	29860	A	G	0	0	0	1	1	93	0.5	2	0.5	FALSE	NA	NA	NA	NA	NA	NA
NC_045512.2	29861	G	C	0	0	0	1	1	93	0.5	2	0.5	FALSE	NA	NA	NA	NA	NA	NA
NC_045512.2	29861	G	A	0	0	0	1	1	93	0.5	2	0.5	FALSE	NA	NA	NA	NA	NA	NA
NC_045512.2	29862	G	T	0	0	0	1	1	93	0.5	2	0.5	FALSE	NA	NA	NA	NA	NA	NA
NC_045512.2	29862	G	A	0	0	0	1	1	51	0.5	2	0.5	FALSE	NA	NA	NA	NA	NA	NA
NC_045512.2	29863	A	T	1	1	93	1	1	78	0.5	2	0.666667	FALSE	NA	NA	NA	NA	NA	NA
NC_045512.2	29864	G	A	1	1	93	1	1	93	0.5	2	0.666667	FALSE	NA	NA	NA	NA	NA	NA
NC_045512.2	29865	A	G	1	1	93	1	1	78	0.5	2	0.666667	FALSE	NA	NA	NA	NA	NA	NA
NC_045512.2	29866	A	T	0	0	0	1	1	93	0.5	2	0.5	FALSE	NA	NA	NA	NA	NA	NA
NC_045512.2	29866	A	C	0	0	0	1	1	58	0.5	2	0.5	FALSE	NA	NA	NA	NA	NA	NA
NC_045512.2	29867	T	G	1	1	69	1	1	93	0.5	2	0.666667	FALSE	NA	NA	NA	NA	NA	NA
NC_045512.2	29869	A	T	0	0	0	1	1	93	0.5	2	0.5	FALSE	NA	NA	NA	NA	NA	NA
NC_045512.2	29869	A	G	0	0	0	1	1	53	0.5	2	0.5	FALSE	NA	NA	NA	NA	NA	NA
NC_045512.2	29870	C	A	1	1	47	1	1	93	0.5	2	0.666667	FALSE	NA	NA	NA	NA	NA	NA
NC_045512.2	29871	A	T	1	1	93	1	1	93	0.5	2	0.666667	FALSE	NA	NA	NA	NA	NA	NA
NC_045512.2	29873	A	T	0	0	0	2	2	93	1	2	0.333333	FALSE	NA	NA	NA	NA	NA	NA
NC_045512.2	29874	A	T	0	0	0	1	1	93	0.5	2	0.5	FALSE	NA	NA	NA	NA	NA	NA
NC_045512.2	29874	A	G	0	0	0	1	1	90	0.5	2	0.5	FALSE	NA	NA	NA	NA	NA	NA
NC_045512.2	29875	A	G	1	1	93	1	1	66	0.5	2	0.666667	FALSE	NA	NA	NA	NA	NA	NA
NC_045512.2	29876	A	G	0	0	0	1	1	93	0.5	2	0.5	FALSE	NA	NA	NA	NA	NA	NA
NC_045512.2	29876	A	C	0	0	0	1	1	32	0.5	2	0.5	FALSE	NA	NA	NA	NA	NA	NA
NC_045512.2	29877	A	G	1	1	93	1	1	93	0.5	2	0.666667	FALSE	NA	NA	NA	NA	NA	NA
NC_045512.2	29878	A	G	0	0	0	2	2	77	1	2	0.333333	FALSE	NA	NA	NA	NA	NA	NA
NC_045512.2	29879	A	T	0	0	0	2	2	88	1	2	0.333333	FALSE	NA	NA	NA	NA	NA	NA
NC_045512.2	29880	A	G	1	1	93	1	1	93	0.5	2	0.666667	FALSE	NA	NA	NA	NA	NA	NA
NC_045512.2	29881	A	G	1	1	29	1	1	93	0.5	2	0.666667	FALSE	NA	NA	NA	NA	NA	NA
NC_045512.2	29882	A	T	0	0	0	1	1	65	0.5	2	0.5	FALSE	NA	NA	NA	NA	NA	NA
NC_045512.2	29882	A	G	0	0	0	1	1	93	0.5	2	0.5	FALSE	NA	NA	NA	NA	NA	NA
NC_045512.2	29883	A	G	1	1	93	1	1	56	0.5	2	0.666667	FALSE	NA	NA	NA	NA	NA	NA
NC_045512.2	29884	A	G	0	0	0	1	1	93	0.5	2	0.5	FALSE	NA	NA	NA	NA	NA	NA
NC_045512.2	29884	A	C	0	0	0	1	1	37	0.5	2	0.5	FALSE	NA	NA	NA	NA	NA	NA
NC_045512.2	29885	A	T	0	0	0	1	1	80	0.5	2	0.5	FALSE	NA	NA	NA	NA	NA	NA
NC_045512.2	29885	A	C	0	0	0	1	1	93	0.5	2	0.5	FALSE	NA	NA	NA	NA	NA	NA
NC_045512.2	29886	A	T	0	0	0	1	1	93	0.5	2	0.5	FALSE	NA	NA	NA	NA	NA	NA
NC_045512.2	29886	A	G	0	0	0	1	1	88	0.5	2	0.5	FALSE	NA	NA	NA	NA	NA	NA
NC_045512.2	29887	A	C	1	1	93	1	1	59	0.5	2	0.666667	FALSE	NA	NA	NA	NA	NA	NA
NC_045512.2	29888	A	T	0	0	0	1	1	93	0.5	2	0.5	FALSE	NA	NA	NA	NA	NA	NA
NC_045512.2	29888	A	G	0	0	0	1	1	93	0.5	2	0.5	FALSE	NA	NA	NA	NA	NA	NA
NC_045512.2	29889	A	C	1	1	93	1	1	50	0.5	2	0.666667	FALSE	NA	NA	NA	NA	NA	NA
NC_045512.2	29890	A	T	1	1	93	1	1	59	0.5	2	0.666667	FALSE	NA	NA	NA	NA	NA	NA
NC_045512.2	29891	A	T	1	1	83	1	1	34	0.5	2	0.666667	FALSE	NA	NA	NA	NA	NA	NA
NC_045512.2	29892	A	G	0	0	0	1	1	87	1	1	1	FALSE	NA	NA	NA	NA	NA	NA
NC_045512.2	29893	A	T	0	0	0	1	1	49	0.5	2	0.5	FALSE	NA	NA	NA	NA	NA	NA
NC_045512.2	29893	A	C	0	0	0	1	1	55	0.5	2	0.5	FALSE	NA	NA	NA	NA	NA	NA
NC_045512.2	29894	A	T	0	0	0	1	1	53	0.5	2	0.5	FALSE	NA	NA	NA	NA	NA	NA
NC_045512.2	29894	A	C	0	0	0	1	1	93	0.5	2	0.5	FALSE	NA	NA	NA	NA	NA	NA
NC_045512.2	29895	A	T	1	1	93	1	1	58	0.5	2	0.666667	FALSE	NA	NA	NA	NA	NA	NA
NC_045512.2	29896	A	T	0	0	0	1	1	57	0.5	2	0.5	FALSE	NA	NA	NA	NA	NA	NA
NC_045512.2	29896	A	G	0	0	0	1	1	92	0.5	2	0.5	FALSE	NA	NA	NA	NA	NA	NA
NC_045512.2	29897	A	G	0	0	0	1	1	93	0.5	2	0.5	FALSE	NA	NA	NA	NA	NA	NA
NC_045512.2	29897	A	C	0	0	0	1	1	32	0.5	2	0.5	FALSE	NA	NA	NA	NA	NA	NA
NC_045512.2	29898	A	C	1	1	93	1	1	66	0.5	2	0.666667	FALSE	NA	NA	NA	NA	NA	NA
NC_045512.2	29899	A	T	0	0	0	1	1	90	0.5	2	0.5	FALSE	NA	NA	NA	NA	NA	NA
NC_045512.2	29899	A	C	0	0	0	1	1	93	0.5	2	0.5	FALSE	NA	NA	NA	NA	NA	NA
NC_045512.2	29900	A	G	0	0	0	1	1	93	0.5	2	0.5	FALSE	NA	NA	NA	NA	NA	NA
NC_045512.2	29900	A	C	0	0	0	1	1	84	0.5	2	0.5	FALSE	NA	NA	NA	NA	NA	NA
NC_045512.2	29901	A	T	0	0	0	1	1	93	0.5	2	0.5	FALSE	NA	NA	NA	NA	NA	NA
NC_045512.2	29901	A	C	0	0	0	1	1	66	0.5	2	0.5	FALSE	NA	NA	NA	NA	NA	NA
NC_045512.2	29902	A	T	0	0	0	2	2	93	1	2	0.333333	FALSE	NA	NA	NA	NA	NA	NA
NC_045512.2	29903	A	T	0	0	0	1	1	93	0.5	2	0.5	FALSE	NA	NA	NA	NA	NA	NA
NC_045512.2	29903	A	G	0	0	0	1	1	80	0.5	2	0.5	FALSE	NA	NA	NA	NA	NA	NA
NC_045512.2	29904	N	C	0	0	0	1	1	20	0.5	2	0.5	FALSE	NA	NA	NA	NA	NA	NA
NC_045512.2	29904	N	A	0	0	0	1	1	93	0.5	2	0.5	FALSE	NA	NA	NA	NA	NA	NA
NC_045512.2	29905	A	T	1	1	93	1	1	57	0.5	2	0.666667	FALSE	NA	NA	NA	NA	NA	NA
NC_045512.2	29906	C	T	0	0	0	2	2	76	1	2	0.333333	FALSE	NA	NA	NA	NA	NA	NA
NC_045512.2	29907	A	T	0	0	0	1	1	93	0.5	2	0.5	FALSE	NA	NA	NA	NA	NA	NA
NC_045512.2	29907	A	G	0	0	0	1	1	93	0.5	2	0.5	FALSE	NA	NA	NA	NA	NA	NA
NC_045512.2	29908	A	G	1	1	93	1	1	93	0.5	2	0.666667	FALSE	NA	NA	NA	NA	NA	NA
NC_045512.2	29909	C	A	1	1	74	1	1	93	0.5	2	0.666667	FALSE	NA	NA	NA	NA	NA	NA
NC_045512.2	29911	A	T	0	0	0	1	1	93	0.5	2	0.5	FALSE	NA	NA	NA	NA	NA	NA
NC_045512.2	29911	A	G	0	0	0	1	1	93	0.5	2	0.5	FALSE	NA	NA	NA	NA	NA	NA
NC_045512.2	29912	G	T	0	0	0	1	1	84	0.5	2	0.5	FALSE	NA	NA	NA	NA	NA	NA
NC_045512.2	29912	G	A	0	0	0	1	1	37	0.5	2	0.5	FALSE	NA	NA	NA	NA	NA	NA
NC_045512.2	29913	Q	T	0	0	0	1	1	93	0.5	2	0.5	FALSE	NA	NA	NA	NA	NA	NA
NC_045512.2	29913	Q	G	0	0	0	1	1	87	0.5	2	0.5	FALSE	NA	NA	NA	NA	NA	NA
NC_045512.2	29914	Ÿ	T	0	0	0	2	2	73	1	2	0.333333	FALSE	NA	NA	NA	NA	NA	NA
NC_045512.2	29915		G	0	0	0	2	2	80	1	2	0.333333	FALSE	NA	NA	NA	NA	NA	NA
NC_045512.2	29916	N	C	0	0	0	1	1	93	0.5	2	0.5	FALSE	NA	NA	NA	NA	NA	NA
NC_045512.2	29916	N	A	0	0	0	1	1	93	0.5	2	0.5	FALSE	NA	NA	NA	NA	NA	NA
NC_045512.2	29917	N	G	0	0	0	1	1	93	0.5	2	0.5	FALSE	NA	NA	NA	NA	NA	NA
NC_045512.2	29917	N	A	0	0	0	1	1	63	0.5	2	0.5	FALSE	NA	NA	NA	NA	NA	NA
NC_045512.2	29918	N	T	0	0	0	1	1	93	0.5	2	0.5	FALSE	NA	NA	NA	NA	NA	NA
NC_045512.2	29918	N	C	0	0	0	1	1	93	0.5	2	0.5	FALSE	NA	NA	NA	NA	NA	NA
NC_045512.2	29919	N	G	0	0	0	1	1	93	0.5	2	0.5	FALSE	NA	NA	NA	NA	NA	NA
NC_045512.2	29919	N	C	0	0	0	1	1	48	0.5	2	0.5	FALSE	NA	NA	NA	NA	NA	NA
NC_045512.2	29920	N	G	0	0	0	1	1	93	0.5	2	0.5	FALSE	NA	NA	NA	NA	NA	NA
NC_045512.2	29920	N	A	0	0	0	1	1	73	0.5	2	0.5	FALSE	NA	NA	NA	NA	NA	NA
NC_045512.2	29921	¸	G	0	0	0	1	1	93	0.5	2	0.5	FALSE	NA	NA	NA	NA	NA	NA
NC_045512.2	29921	¸	A	0	0	0	1	1	93	0.5	2	0.5	FALSE	NA	NA	NA	NA	NA	NA
NC_045512.2	29922	7	T	0	0	0	1	1	93	0.5	2	0.5	FALSE	NA	NA	NA	NA	NA	NA
NC_045512.2	29922	7	C	0	0	0	1	1	66	0.5	2	0.5	FALSE	NA	NA	NA	NA	NA	NA
NC_045512.2	29923	@	T	0	0	0	1	1	92	0.5	2	0.5	FALSE	NA	NA	NA	NA	NA	NA
NC_045512.2	29923	@	G	0	0	0	1	1	93	0.5	2	0.5	FALSE	NA	NA	NA	NA	NA	NA
NC_045512.2	29924	ß	T	0	0	0	1	1	92	0.5	2	0.5	FALSE	NA	NA	NA	NA	NA	NA
NC_045512.2	29924	ß	A	0	0	0	1	1	93	0.5	2	0.5	FALSE	NA	NA	NA	NA	NA	NA
NC_045512.2	29925	'	G	0	0	0	2	2	93	1	2	0.333333	FALSE	NA	NA	NA	NA	NA	NA
NC_045512.2	29926		G	0	0	0	1	1	93	0.5	2	0.5	FALSE	NA	NA	NA	NA	NA	NA
NC_045512.2	29926		A	0	0	0	1	1	88	0.5	2	0.5	FALSE	NA	NA	NA	NA	NA	NA
NC_045512.2	29927	N	G	0	0	0	1	1	77	0.5	2	0.5	FALSE	NA	NA	NA	NA	NA	NA
NC_045512.2	29927	N	C	0	0	0	1	1	93	0.5	2	0.5	FALSE	NA	NA	NA	NA	NA	NA
NC_045512.2	29928	N	T	0	0	0	1	1	93	0.5	2	0.5	FALSE	NA	NA	NA	NA	NA	NA
NC_045512.2	29928	N	A	0	0	0	1	1	86	0.5	2	0.5	FALSE	NA	NA	NA	NA	NA	NA
NC_045512.2	29929	¸	G	0	0	0	2	2	89	1	2	0.333333	FALSE	NA	NA	NA	NA	NA	NA
NC_045512.2	29930	7	G	0	0	0	1	1	93	0.5	2	0.5	FALSE	NA	NA	NA	NA	NA	NA
NC_045512.2	29930	7	C	0	0	0	1	1	34	0.5	2	0.5	FALSE	NA	NA	NA	NA	NA	NA
NC_045512.2	29931	@	T	0	0	0	1	1	93	0.5	2	0.5	FALSE	NA	NA	NA	NA	NA	NA
NC_045512.2	29931	@	A	0	0	0	1	1	50	0.5	2	0.5	FALSE	NA	NA	NA	NA	NA	NA
NC_045512.2	29932	ß	T	0	0	0	1	1	93	0.5	2	0.5	FALSE	NA	NA	NA	NA	NA	NA
NC_045512.2	29932	ß	A	0	0	0	1	1	88	0.5	2	0.5	FALSE	NA	NA	NA	NA	NA	NA
NC_045512.2	29933	'	C	0	0	0	1	1	83	0.5	2	0.5	FALSE	NA	NA	NA	NA	NA	NA
NC_045512.2	29933	'	A	0	0	0	1	1	93	0.5	2	0.5	FALSE	NA	NA	NA	NA	NA	NA
NC_045512.2	29934		T	0	0	0	1	1	93	1	1	1	FALSE	NA	NA	NA	NA	NA	NA
NC_045512.2	29935	N	T	0	0	0	1	1	80	0.5	2	0.5	FALSE	NA	NA	NA	NA	NA	NA
NC_045512.2	29935	N	A	0	0	0	1	1	93	0.5	2	0.5	FALSE	NA	NA	NA	NA	NA	NA
NC_045512.2	29936	N	G	0	0	0	1	1	81	0.5	2	0.5	FALSE	NA	NA	NA	NA	NA	NA
NC_045512.2	29936	N	A	0	0	0	1	1	93	0.5	2	0.5	FALSE	NA	NA	NA	NA	NA	NA
NC_045512.2	29937	N	T	0	0	0	1	1	71	0.5	2	0.5	FALSE	NA	NA	NA	NA	NA	NA
NC_045512.2	29937	N	A	0	0	0	1	1	78	0.5	2	0.5	FALSE	NA	NA	NA	NA	NA	NA
NC_045512.2	29938	N	T	0	0	0	1	1	93	0.5	2	0.5	FALSE	NA	NA	NA	NA	NA	NA
NC_045512.2	29938	N	C	0	0	0	1	1	61	0.5	2	0.5	FALSE	NA	NA	NA	NA	NA	NA
NC_045512.2	29939	N	T	0	0	0	1	1	93	0.5	2	0.5	FALSE	NA	NA	NA	NA	NA	NA
NC_045512.2	29939	N	C	0	0	0	1	1	93	0.5	2	0.5	FALSE	NA	NA	NA	NA	NA	NA
NC_045512.2	29940	N	G	0	0	0	1	1	93	0.5	2	0.5	FALSE	NA	NA	NA	NA	NA	NA
NC_045512.2	29940	N	A	0	0	0	1	1	93	0.5	2	0.5	FALSE	NA	NA	NA	NA	NA	NA
NC_045512.2	29941	N	G	0	0	0	1	1	61	0.5	2	0.5	FALSE	NA	NA	NA	NA	NA	NA
NC_045512.2	29941	N	C	0	0	0	1	1	93	0.5	2	0.5	FALSE	NA	NA	NA	NA	NA	NA
NC_045512.2	29942	N	T	0	0	0	1	1	93	0.5	2	0.5	FALSE	NA	NA	NA	NA	NA	NA
NC_045512.2	29942	N	C	0	0	0	1	1	93	0.5	2	0.5	FALSE	NA	NA	NA	NA	NA	NA
NC_045512.2	29943	N	A	0	0	0	1	1	93	1	1	1	FALSE	NA	NA	NA	NA	NA	NA
NC_045512.2	29944	N	A	0	0	0	2	2	80	1	2	0.333333	FALSE	NA	NA	NA	NA	NA	NA
NC_045512.2	29945	N	T	0	0	0	1	1	93	0.5	2	0.5	FALSE	NA	NA	NA	NA	NA	NA
NC_045512.2	29945	N	A	0	0	0	1	1	40	0.5	2	0.5	FALSE	NA	NA	NA	NA	NA	NA
NC_045512.2	29946	N	T	0	0	0	1	1	93	0.5	2	0.5	FALSE	NA	NA	NA	NA	NA	NA
NC_045512.2	29946	N	G	0	0	0	1	1	57	0.5	2	0.5	FALSE	NA	NA	NA	NA	NA	NA
NC_045512.2	29947	N	G	0	0	0	1	1	48	0.5	2	0.5	FALSE	NA	NA	NA	NA	NA	NA
NC_045512.2	29947	N	C	0	0	0	1	1	93	0.5	2	0.5	FALSE	NA	NA	NA	NA	NA	NA
NC_045512.2	29948	N	C	0	0	0	1	1	90	0.5	2	0.5	FALSE	NA	NA	NA	NA	NA	NA
NC_045512.2	29948	N	A	0	0	0	1	1	93	0.5	2	0.5	FALSE	NA	NA	NA	NA	NA	NA
NC_045512.2	29949	N	G	0	0	0	1	1	93	0.5	2	0.5	FALSE	NA	NA	NA	NA	NA	NA
NC_045512.2	29949	N	C	0	0	0	1	1	37	0.5	2	0.5	FALSE	NA	NA	NA	NA	NA	NA
NC_045512.2	29950	N	T	0	0	0	1	1	93	0.5	2	0.5	FALSE	NA	NA	NA	NA	NA	NA
NC_045512.2	29950	N	A	0	0	0	1	1	72	0.5	2	0.5	FALSE	NA	NA	NA	NA	NA	NA
NC_045512.2	29951	N	A	0	0	0	2	2	80	1	2	0.333333	FALSE	NA	NA	NA	NA	NA	NA
NC_045512.2	29952	N	C	0	0	0	2	2	76	1	2	0.333333	FALSE	NA	NA	NA	NA	NA	NA
NC_045512.2	29953	G	A	0	0	0	2	2	66	1	2	0.333333	FALSE	NA	NA	NA	NA	NA	NA
NC_045512.2	29954	A	T	1	1	46	1	1	93	0.5	2	0.666667	FALSE	NA	NA	NA	NA	NA	NA
NC_045512.2	29955	A	C	0	0	0	2	2	70	1	2	0.333333	FALSE	NA	NA	NA	NA	NA	NA
NC_045512.2	29956	G	A	1	1	93	1	1	93	0.5	2	0.666667	FALSE	NA	NA	NA	NA	NA	NA
NC_045512.2	29957	C	A	0	0	0	2	2	68	1	2	0.333333	FALSE	NA	NA	NA	NA	NA	NA
NC_045512.2	29958	C	T	1	1	54	1	1	93	0.5	2	0.666667	FALSE	NA	NA	NA	NA	NA	NA
NC_045512.2	29959	T	A	0	0	0	2	2	93	1	2	0.333333	FALSE	NA	NA	NA	NA	NA	NA
NC_045512.2	29960	C	T	0	0	0	1	1	93	0.5	2	0.5	FALSE	NA	NA	NA	NA	NA	NA
NC_045512.2	29960	C	A	0	0	0	1	1	83	0.5	2	0.5	FALSE	NA	NA	NA	NA	NA	NA
NC_045512.2	29961	G	C	1	1	93	1	1	93	0.5	2	0.666667	FALSE	NA	NA	NA	NA	NA	NA
NC_045512.2	29963	C	G	1	1	93	1	1	93	0.5	2	0.666667	FALSE	NA	NA	NA	NA	NA	NA
NC_045512.2	29964	A	T	0	0	0	1	1	31	0.5	2	0.5	FALSE	NA	NA	NA	NA	NA	NA
NC_045512.2	29964	A	C	0	0	0	1	1	35	0.5	2	0.5	FALSE	NA	NA	NA	NA	NA	NA
NC_045512.2	29967	A	T	1	1	52	1	1	93	0.5	2	0.666667	FALSE	NA	NA	NA	NA	NA	NA
NC_045512.2	29968	A	T	0	0	0	1	1	56	0.5	2	0.5	FALSE	NA	NA	NA	NA	NA	NA
NC_045512.2	29968	A	C	0	0	0	1	1	54	0.5	2	0.5	FALSE	NA	NA	NA	NA	NA	NA
NC_045512.2	29969	C	T	0	0	0	1	1	85	0.5	2	0.5	FALSE	NA	NA	NA	NA	NA	NA
NC_045512.2	29969	C	A	0	0	0	1	1	93	0.5	2	0.5	FALSE	NA	NA	NA	NA	NA	NA
NC_045512.2	29970	G	T	1	1	93	1	1	93	0.5	2	0.666667	FALSE	NA	NA	NA	NA	NA	NA
NC_045512.2	29971	T	A	1	1	93	1	1	93	0.5	2	0.666667	FALSE	NA	NA	NA	NA	NA	NA
NC_045512.2	29972	A	C	0	0	0	2	2	75	1	2	0.333333	FALSE	NA	NA	NA	NA	NA	NA
NC_045512.2	29973	C	A	0	0	0	2	2	93	1	2	0.333333	FALSE	NA	NA	NA	NA	NA	NA
NC_045512.2	29974	T	G	0	0	0	1	1	93	0.5	2	0.5	FALSE	NA	NA	NA	NA	NA	NA
NC_045512.2	29974	T	C	0	0	0	1	1	65	0.5	2	0.5	FALSE	NA	NA	NA	NA	NA	NA
NC_045512.2	29975	G	T	0	0	0	2	2	89	1	2	0.333333	FALSE	NA	NA	NA	NA	NA	NA
NC_045512.2	29976	C	T	0	0	0	1	1	93	0.5	2	0.5	FALSE	NA	NA	NA	NA	NA	NA
NC_045512.2	29976	C	A	0	0	0	1	1	47	0.5	2	0.5	FALSE	NA	NA	NA	NA	NA	NA
NC_045512.2	29977	C	T	0	0	0	1	1	62	0.5	2	0.5	FALSE	NA	NA	NA	NA	NA	NA
NC_045512.2	29977	C	A	0	0	0	1	1	38	0.5	2	0.5	FALSE	NA	NA	NA	NA	NA	NA
NC_045512.2	29978	A	G	0	0	0	1	1	93	0.5	2	0.5	FALSE	NA	NA	NA	NA	NA	NA
NC_045512.2	29978	A	C	0	0	0	1	1	93	0.5	2	0.5	FALSE	NA	NA	NA	NA	NA	NA
NC_045512.2	29979	C	A	1	1	93	1	1	93	0.5	2	0.666667	FALSE	NA	NA	NA	NA	NA	NA
NC_045512.2	29980	T	A	1	1	93	1	1	93	0.5	2	0.666667	FALSE	NA	NA	NA	NA	NA	NA
NC_045512.2	29981	A	G	0	0	0	1	1	93	1	1	1	FALSE	NA	NA	NA	NA	NA	NA
NC_045512.2	29982	A	T	0	0	0	2	2	93	1	2	0.333333	FALSE	NA	NA	NA	NA	NA	NA
NC_045512.2	29983	A	T	0	0	0	1	1	93	0.5	2	0.5	FALSE	NA	NA	NA	NA	NA	NA
NC_045512.2	29983	A	C	0	0	0	1	1	65	0.5	2	0.5	FALSE	NA	NA	NA	NA	NA	NA
NC_045512.2	29984	G	T	0	0	0	2	2	70	1	2	0.333333	FALSE	NA	NA	NA	NA	NA	NA
NC_045512.2	29985	C	G	0	0	0	1	1	93	0.5	2	0.5	FALSE	NA	NA	NA	NA	NA	NA
NC_045512.2	29985	C	A	0	0	0	1	1	93	0.5	2	0.5	FALSE	NA	NA	NA	NA	NA	NA
NC_045512.2	29986	A	C	0	0	0	2	2	81	1	2	0.333333	FALSE	NA	NA	NA	NA	NA	NA
NC_045512.2	29987	T	C	1	1	86	1	1	78	0.5	2	0.666667	FALSE	NA	NA	NA	NA	NA	NA
NC_045512.2	29988	A	T	0	0	0	1	1	93	0.5	2	0.5	FALSE	NA	NA	NA	NA	NA	NA
NC_045512.2	29988	A	G	0	0	0	1	1	81	0.5	2	0.5	FALSE	NA	NA	NA	NA	NA	NA
NC_045512.2	29989	C	T	1	1	69	1	1	93	0.5	2	0.666667	FALSE	NA	NA	NA	NA	NA	NA
NC_045512.2	29990	A	T	0	0	0	2	2	77	1	2	0.333333	FALSE	NA	NA	NA	NA	NA	NA
NC_045512.2	29991	A	T	0	0	0	1	1	78	0.5	2	0.5	FALSE	NA	NA	NA	NA	NA	NA
NC_045512.2	29991	A	G	0	0	0	1	1	93	0.5	2	0.5	FALSE	NA	NA	NA	NA	NA	NA
NC_045512.2	29992	T	A	0	0	0	2	2	67	1	2	0.333333	FALSE	NA	NA	NA	NA	NA	NA
NC_045512.2	29993	G	C	1	1	93	1	1	93	0.5	2	0.666667	FALSE	NA	NA	NA	NA	NA	NA
NC_045512.2	29994	T	G	0	0	0	1	1	40	0.5	2	0.5	FALSE	NA	NA	NA	NA	NA	NA
NC_045512.2	29994	T	A	0	0	0	1	1	93	0.5	2	0.5	FALSE	NA	NA	NA	NA	NA	NA
NC_045512.2	29995	A	C	1	1	77	1	1	54	0.5	2	0.666667	FALSE	NA	NA	NA	NA	NA	NA
NC_045512.2	29996	A	T	0	0	0	2	2	74	1	2	0.333333	FALSE	NA	NA	NA	NA	NA	NA
NC_045512.2	29997	C	T	0	0	0	2	2	21	1	2	0.333333	FALSE	NA	NA	NA	NA	NA	NA
NC_045512.2	29998	A	C	1	1	93	1	1	50	0.5	2	0.666667	FALSE	NA	NA	NA	NA	NA	NA
NC_045512.2	29999	C	T	0	0	0	1	1	67	0.5	2	0.5	FALSE	NA	NA	NA	NA	NA	NA
NC_045512.2	29999	C	A	0	0	0	1	1	66	0.5	2	0.5	FALSE	NA	NA	NA	NA	NA	NA
NC_045512.2	30000	A	T	1	1	77	1	1	93	0.5	2	0.666667	FALSE	NA	NA	NA	NA	NA	NA
NC_045512.2	30001	A	T	1	1	33	1	1	93	0.5	2	0.666667	FALSE	NA	NA	NA	NA	NA	NA
NC_045512.2	30003	C	A	1	1	93	1	1	82	0.5	2	0.666667	FALSE	NA	NA	NA	NA	NA	NA
NC_045512.2	30004	T	C	0	0	0	1	1	93	0.5	2	0.5	FALSE	NA	NA	NA	NA	NA	NA
NC_045512.2	30004	T	A	0	0	0	1	1	41	0.5	2	0.5	FALSE	NA	NA	NA	NA	NA	NA
NC_045512.2	30005	T	G	0	0	0	1	1	58	0.5	2	0.5	FALSE	NA	NA	NA	NA	NA	NA
NC_045512.2	30005	T	A	0	0	0	1	1	93	0.5	2	0.5	FALSE	NA	NA	NA	NA	NA	NA
NC_045512.2	30006	T	G	0	0	0	1	1	93	1	1	1	FALSE	NA	NA	NA	NA	NA	NA
NC_045512.2	30007	C	G	1	1	28	1	1	93	0.5	2	0.666667	FALSE	NA	NA	NA	NA	NA	NA
NC_045512.2	30008	G	T	0	0	0	1	1	80	0.5	2	0.5	FALSE	NA	NA	NA	NA	NA	NA
NC_045512.2	30008	G	A	0	0	0	1	1	93	0.5	2	0.5	FALSE	NA	NA	NA	NA	NA	NA
NC_045512.2	30009	G	C	0	0	0	1	1	57	0.5	2	0.5	FALSE	NA	NA	NA	NA	NA	NA
NC_045512.2	30009	G	A	0	0	0	1	1	93	0.5	2	0.5	FALSE	NA	NA	NA	NA	NA	NA
NC_045512.2	30010	C	G	1	1	93	1	1	60	0.5	2	0.666667	FALSE	NA	NA	NA	NA	NA	NA
NC_045512.2	30011	A	G	0	0	0	1	1	36	0.5	2	0.5	FALSE	NA	NA	NA	NA	NA	NA
NC_045512.2	30011	A	C	0	0	0	1	1	91	0.5	2	0.5	FALSE	NA	NA	NA	NA	NA	NA
NC_045512.2	30012	G	T	0	0	0	1	1	93	0.5	2	0.5	FALSE	NA	NA	NA	NA	NA	NA
NC_045512.2	30012	G	C	0	0	0	1	1	41	0.5	2	0.5	FALSE	NA	NA	NA	NA	NA	NA
NC_045512.2	30014	C	A	0	0	0	2	2	93	1	2	0.333333	FALSE	NA	NA	NA	NA	NA	NA
NC_045512.2	30015	G	A	0	0	0	2	2	69	1	2	0.333333	FALSE	NA	NA	NA	NA	NA	NA
NC_045512.2	30016	T	A	1	1	93	1	1	93	0.5	2	0.666667	FALSE	NA	NA	NA	NA	NA	NA
NC_045512.2	30017	G	T	0	0	0	1	1	93	1	1	1	FALSE	NA	NA	NA	NA	NA	NA
NC_045512.2	30018	G	C	1	1	93	1	1	72	0.5	2	0.666667	FALSE	NA	NA	NA	NA	NA	NA
NC_045512.2	30019	T	G	0	0	0	2	2	93	1	2	0.333333	FALSE	NA	NA	NA	NA	NA	NA
NC_045512.2	30020	C	T	0	0	0	1	1	89	0.5	2	0.5	FALSE	NA	NA	NA	NA	NA	NA
NC_045512.2	30020	C	G	0	0	0	1	1	93	0.5	2	0.5	FALSE	NA	NA	NA	NA	NA	NA
NC_045512.2	30021	C	T	0	0	0	1	1	93	0.5	2	0.5	FALSE	NA	NA	NA	NA	NA	NA
NC_045512.2	30021	C	A	0	0	0	1	1	91	0.5	2	0.5	FALSE	NA	NA	NA	NA	NA	NA
NC_045512.2	30022	A	C	1	1	93	1	1	57	0.5	2	0.666667	FALSE	NA	NA	NA	NA	NA	NA
NC_045512.2	30023	G	T	1	1	93	1	1	88	0.5	2	0.666667	FALSE	NA	NA	NA	NA	NA	NA
NC_045512.2	30024	A	T	0	0	0	1	1	93	0.5	2	0.5	FALSE	NA	NA	NA	NA	NA	NA
NC_045512.2	30024	A	G	0	0	0	1	1	86	0.5	2	0.5	FALSE	NA	NA	NA	NA	NA	NA
NC_045512.2	30025	A	C	0	0	0	2	2	87	1	2	0.333333	FALSE	NA	NA	NA	NA	NA	NA
NC_045512.2	30026	C	T	1	1	30	1	1	93	0.5	2	0.666667	FALSE	NA	NA	NA	NA	NA	NA
NC_045512.2	30027	A	T	1	1	80	1	1	84	0.5	2	0.666667	FALSE	NA	NA	NA	NA	NA	NA
NC_045512.2	30028	A	G	0	0	0	1	1	93	0.5	2	0.5	FALSE	NA	NA	NA	NA	NA	NA
NC_045512.2	30028	A	C	0	0	0	1	1	46	0.5	2	0.5	FALSE	NA	NA	NA	NA	NA	NA
NC_045512.2	30029	A	T	0	0	0	2	2	91	1	2	0.333333	FALSE	NA	NA	NA	NA	NA	NA
NC_045512.2	30030	C	A	0	0	0	2	2	92	1	2	0.333333	FALSE	NA	NA	NA	NA	NA	NA
NC_045512.2	30031	C	G	0	0	0	1	1	93	0.5	2	0.5	FALSE	NA	NA	NA	NA	NA	NA
NC_045512.2	30031	C	A	0	0	0	1	1	93	0.5	2	0.5	FALSE	NA	NA	NA	NA	NA	NA
NC_045512.2	30032	C	T	0	0	0	1	1	93	0.5	2	0.5	FALSE	NA	NA	NA	NA	NA	NA
NC_045512.2	30032	C	A	0	0	0	1	1	36	0.5	2	0.5	FALSE	NA	NA	NA	NA	NA	NA
NC_045512.2	30033	A	G	0	0	0	2	2	93	1	2	0.333333	FALSE	NA	NA	NA	NA	NA	NA
NC_045512.2	30034	A	C	0	0	0	2	2	69	1	2	0.333333	FALSE	NA	NA	NA	NA	NA	NA
NC_045512.2	30035	G	A	1	1	70	1	1	40	0.5	2	0.666667	FALSE	NA	NA	NA	NA	NA	NA
NC_045512.2	30036	G	T	0	0	0	2	2	86	1	2	0.333333	FALSE	NA	NA	NA	NA	NA	NA
NC_045512.2	30037	A	T	1	1	40	1	1	61	0.5	2	0.666667	FALSE	NA	NA	NA	NA	NA	NA
NC_045512.2	30038	A	G	0	0	0	1	1	93	0.5	2	0.5	FALSE	NA	NA	NA	NA	NA	NA
NC_045512.2	30038	A	C	0	0	0	1	1	43	0.5	2	0.5	FALSE	NA	NA	NA	NA	NA	NA
NC_045512.2	30039	A	T	1	1	93	1	1	93	0.5	2	0.666667	FALSE	NA	NA	NA	NA	NA	NA
NC_045512.2	30040	T	A	1	1	89	1	1	79	0.5	2	0.666667	FALSE	NA	NA	NA	NA	NA	NA
NC_045512.2	30041	T	C	1	1	93	1	1	93	0.5	2	0.666667	FALSE	NA	NA	NA	NA	NA	NA
NC_045512.2	30042	T	G	0	0	0	2	2	93	1	2	0.333333	FALSE	NA	NA	NA	NA	NA	NA
NC_045512.2	30044	G	T	0	0	0	1	1	66	0.5	2	0.5	FALSE	NA	NA	NA	NA	NA	NA
NC_045512.2	30044	G	A	0	0	0	1	1	93	0.5	2	0.5	FALSE	NA	NA	NA	NA	NA	NA
NC_045512.2	30045	G	C	0	0	0	1	1	93	0.5	2	0.5	FALSE	NA	NA	NA	NA	NA	NA
NC_045512.2	30045	G	A	0	0	0	1	1	45	0.5	2	0.5	FALSE	NA	NA	NA	NA	NA	NA
NC_045512.2	30046	G	T	0	0	0	1	1	90	0.5	2	0.5	FALSE	NA	NA	NA	NA	NA	NA
NC_045512.2	30046	G	C	0	0	0	1	1	49	0.5	2	0.5	FALSE	NA	NA	NA	NA	NA	NA
NC_045512.2	30047	G	A	0	0	0	2	2	76	1	2	0.333333	FALSE	NA	NA	NA	NA	NA	NA
NC_045512.2	30048	A	T	0	0	0	1	1	93	0.5	2	0.5	FALSE	NA	NA	NA	NA	NA	NA
NC_045512.2	30048	A	C	0	0	0	1	1	61	0.5	2	0.5	FALSE	NA	NA	NA	NA	NA	NA
NC_045512.2	30049	C	G	0	0	0	1	1	93	0.5	2	0.5	FALSE	NA	NA	NA	NA	NA	NA
NC_045512.2	30049	C	A	0	0	0	1	1	91	0.5	2	0.5	FALSE	NA	NA	NA	NA	NA	NA
NC_045512.2	30050	C	A	0	0	0	2	2	67	1	2	0.333333	FALSE	NA	NA	NA	NA	NA	NA
NC_045512.2	30051	A	G	1	1	93	1	1	93	0.5	2	0.666667	FALSE	NA	NA	NA	NA	NA	NA
NC_045512.2	30052	G	C	1	1	93	1	1	48	0.5	2	0.666667	FALSE	NA	NA	NA	NA	NA	NA
NC_045512.2	30053	G	T	0	0	0	1	1	81	0.5	2	0.5	FALSE	NA	NA	NA	NA	NA	NA
NC_045512.2	30053	G	A	0	0	0	1	1	93	0.5	2	0.5	FALSE	NA	NA	NA	NA	NA	NA
NC_045512.2	30054	A	T	0	0	0	1	1	89	0.5	2	0.5	FALSE	NA	NA	NA	NA	NA	NA
NC_045512.2	30054	A	C	0	0	0	1	1	93	0.5	2	0.5	FALSE	NA	NA	NA	NA	NA	NA
NC_045512.2	30055	A	T	0	0	0	2	2	70	1	2	0.333333	FALSE	NA	NA	NA	NA	NA	NA
NC_045512.2	30056	C	T	1	1	73	1	1	93	0.5	2	0.666667	FALSE	NA	NA	NA	NA	NA	NA
NC_045512.2	30057	T	G	1	1	93	1	1	89	0.5	2	0.666667	FALSE	NA	NA	NA	NA	NA	NA
NC_045512.2	30058	A	T	0	0	0	1	1	80	0.5	2	0.5	FALSE	NA	NA	NA	NA	NA	NA
NC_045512.2	30058	A	G	0	0	0	1	1	45	0.5	2	0.5	FALSE	NA	NA	NA	NA	NA	NA
NC_045512.2	30059	A	C	0	0	0	1	1	63	1	1	1	FALSE	NA	NA	NA	NA	NA	NA
NC_045512.2	30060	T	A	0	0	0	2	2	83	1	2	0.333333	FALSE	NA	NA	NA	NA	NA	NA
NC_045512.2	30061	C	G	0	0	0	1	1	83	1	1	1	FALSE	NA	NA	NA	NA	NA	NA
NC_045512.2	30063	G	C	1	1	93	1	1	71	0.5	2	0.666667	FALSE	NA	NA	NA	NA	NA	NA
NC_045512.2	30064	A	T	0	0	0	1	1	93	0.5	2	0.5	FALSE	NA	NA	NA	NA	NA	NA
NC_045512.2	30064	A	G	0	0	0	1	1	93	0.5	2	0.5	FALSE	NA	NA	NA	NA	NA	NA
NC_045512.2	30065	C	T	0	0	0	1	1	76	0.5	2	0.5	FALSE	NA	NA	NA	NA	NA	NA
NC_045512.2	30065	C	A	0	0	0	1	1	93	0.5	2	0.5	FALSE	NA	NA	NA	NA	NA	NA
NC_045512.2	30066	A	T	0	0	0	1	1	93	0.5	2	0.5	FALSE	NA	NA	NA	NA	NA	NA
NC_045512.2	30066	A	G	0	0	0	1	1	93	0.5	2	0.5	FALSE	NA	NA	NA	NA	NA	NA
NC_045512.2	30067	A	G	0	0	0	1	1	28	0.5	2	0.5	FALSE	NA	NA	NA	NA	NA	NA
NC_045512.2	30067	A	C	0	0	0	1	1	93	0.5	2	0.5	FALSE	NA	NA	NA	NA	NA	NA
NC_045512.2	30068	G	T	0	0	0	1	1	73	0.5	2	0.5	FALSE	NA	NA	NA	NA	NA	NA
NC_045512.2	30068	G	A	0	0	0	1	1	93	0.5	2	0.5	FALSE	NA	NA	NA	NA	NA	NA
NC_045512.2	30069	G	T	0	0	0	1	1	93	0.5	2	0.5	FALSE	NA	NA	NA	NA	NA	NA
NC_045512.2	30069	G	C	0	0	0	1	1	93	0.5	2	0.5	FALSE	NA	NA	NA	NA	NA	NA
NC_045512.2	30070	A	G	0	0	0	1	1	93	0.5	2	0.5	FALSE	NA	NA	NA	NA	NA	NA
NC_045512.2	30070	A	C	0	0	0	1	1	37	0.5	2	0.5	FALSE	NA	NA	NA	NA	NA	NA
NC_045512.2	30072	C	G	1	1	93	1	1	59	0.5	2	0.666667	FALSE	NA	NA	NA	NA	NA	NA
NC_045512.2	30073	T	G	0	0	0	1	1	93	0.5	2	0.5	FALSE	NA	NA	NA	NA	NA	NA
NC_045512.2	30073	T	A	0	0	0	1	1	50	0.5	2	0.5	FALSE	NA	NA	NA	NA	NA	NA
NC_045512.2	30074	G	T	0	0	0	1	1	93	0.5	2	0.5	FALSE	NA	NA	NA	NA	NA	NA
NC_045512.2	30074	G	A	0	0	0	1	1	25	0.5	2	0.5	FALSE	NA	NA	NA	NA	NA	NA
NC_045512.2	30075	A	T	0	0	0	1	1	93	0.5	2	0.5	FALSE	NA	NA	NA	NA	NA	NA
NC_045512.2	30075	A	C	0	0	0	1	1	45	0.5	2	0.5	FALSE	NA	NA	NA	NA	NA	NA
NC_045512.2	30076	T	C	0	0	0	1	1	93	0.5	2	0.5	FALSE	NA	NA	NA	NA	NA	NA
NC_045512.2	30076	T	A	0	0	0	1	1	76	0.5	2	0.5	FALSE	NA	NA	NA	NA	NA	NA
NC_045512.2	30077	T	G	0	0	0	1	1	93	0.5	2	0.5	FALSE	NA	NA	NA	NA	NA	NA
NC_045512.2	30077	T	A	0	0	0	1	1	93	0.5	2	0.5	FALSE	NA	NA	NA	NA	NA	NA
NC_045512.2	30078	A	T	0	0	0	1	1	93	1	1	1	FALSE	NA	NA	NA	NA	NA	NA
NC_045512.2	30079	C	G	1	1	76	1	1	93	0.5	2	0.666667	FALSE	NA	NA	NA	NA	NA	NA
NC_045512.2	30080	A	T	0	0	0	1	1	93	1	1	1	FALSE	NA	NA	NA	NA	NA	NA
NC_045512.2	30081	A	T	1	1	89	1	1	81	0.5	2	0.666667	FALSE	NA	NA	NA	NA	NA	NA
NC_045512.2	30082	A	G	1	1	55	1	1	93	0.5	2	0.666667	FALSE	NA	NA	NA	NA	NA	NA
NC_045512.2	30083	C	T	0	0	0	1	1	93	0.5	2	0.5	FALSE	NA	NA	NA	NA	NA	NA
NC_045512.2	30083	C	G	0	0	0	1	1	93	0.5	2	0.5	FALSE	NA	NA	NA	NA	NA	NA
NC_045512.2	30084	A	T	0	0	0	1	1	93	0.5	2	0.5	FALSE	NA	NA	NA	NA	NA	NA
NC_045512.2	30084	A	G	0	0	0	1	1	65	0.5	2	0.5	FALSE	NA	NA	NA	NA	NA	NA
NC_045512.2	30085	T	A	1	1	93	1	1	70	0.5	2	0.666667	FALSE	NA	NA	NA	NA	NA	NA
NC_045512.2	30086	T	A	1	1	72	1	1	93	0.5	2	0.666667	FALSE	NA	NA	NA	NA	NA	NA
NC_045512.2	30087	G	A	0	0	0	2	2	88	1	2	0.333333	FALSE	NA	NA	NA	NA	NA	NA
NC_045512.2	30089	C	T	0	0	0	1	1	89	0.5	2	0.5	FALSE	NA	NA	NA	NA	NA	NA
NC_045512.2	30089	C	A	0	0	0	1	1	82	0.5	2	0.5	FALSE	NA	NA	NA	NA	NA	NA
NC_045512.2	30090	C	T	0	0	0	2	2	91	1	2	0.333333	FALSE	NA	NA	NA	NA	NA	NA
NC_045512.2	30091	G	T	0	0	0	2	2	88	1	2	0.333333	FALSE	NA	NA	NA	NA	NA	NA
NC_045512.2	30092	C	T	0	0	0	2	2	48	1	2	0.333333	FALSE	NA	NA	NA	NA	NA	NA
NC_045512.2	30093	A	G	0	0	0	1	1	77	0.5	2	0.5	FALSE	NA	NA	NA	NA	NA	NA
NC_045512.2	30093	A	C	0	0	0	1	1	93	0.5	2	0.5	FALSE	NA	NA	NA	NA	NA	NA
NC_045512.2	30094	A	G	1	1	93	1	1	71	0.5	2	0.666667	FALSE	NA	NA	NA	NA	NA	NA
NC_045512.2	30095	A	T	0	0	0	1	1	89	0.5	2	0.5	FALSE	NA	NA	NA	NA	NA	NA
NC_045512.2	30095	A	G	0	0	0	1	1	93	0.5	2	0.5	FALSE	NA	NA	NA	NA	NA	NA
NC_045512.2	30096	T	G	0	0	0	1	1	53	0.5	2	0.5	FALSE	NA	NA	NA	NA	NA	NA
NC_045512.2	30096	T	C	0	0	0	1	1	93	0.5	2	0.5	FALSE	NA	NA	NA	NA	NA	NA
NC_045512.2	30097	T	A	1	1	93	1	1	90	0.5	2	0.666667	FALSE	NA	NA	NA	NA	NA	NA
NC_045512.2	30098	G	C	0	0	0	1	1	93	0.5	2	0.5	FALSE	NA	NA	NA	NA	NA	NA
NC_045512.2	30098	G	A	0	0	0	1	1	93	0.5	2	0.5	FALSE	NA	NA	NA	NA	NA	NA
NC_045512.2	30099	C	A	1	1	30	1	1	93	0.5	2	0.666667	FALSE	NA	NA	NA	NA	NA	NA
NC_045512.2	30101	C	G	1	1	93	1	1	93	0.5	2	0.666667	FALSE	NA	NA	NA	NA	NA	NA
NC_045512.2	30102	A	G	0	0	0	2	2	79	1	2	0.333333	FALSE	NA	NA	NA	NA	NA	NA
NC_045512.2	30104	T	A	0	0	0	2	2	74	1	2	0.333333	FALSE	NA	NA	NA	NA	NA	NA
NC_045512.2	30105	T	C	0	0	0	2	2	77	1	2	0.333333	FALSE	NA	NA	NA	NA	NA	NA
NC_045512.2	30106	T	A	1	1	93	1	1	93	0.5	2	0.666667	FALSE	NA	NA	NA	NA	NA	NA
NC_045512.2	30107	G	A	0	0	0	2	2	93	1	2	0.333333	FALSE	NA	NA	NA	NA	NA	NA
NC_045512.2	30108	C	A	0	0	0	2	2	73	1	2	0.333333	FALSE	NA	NA	NA	NA	NA	NA
NC_045512.2	30109	C	T	1	1	93	1	1	93	0.5	2	0.666667	FALSE	NA	NA	NA	NA	NA	NA
NC_045512.2	30110	C	T	1	1	71	1	1	93	0.5	2	0.666667	FALSE	NA	NA	NA	NA	NA	NA
NC_045512.2	30111	C	T	0	0	0	1	1	63	0.5	2	0.5	FALSE	NA	NA	NA	NA	NA	NA
NC_045512.2	30111	C	A	0	0	0	1	1	58	0.5	2	0.5	FALSE	NA	NA	NA	NA	NA	NA
NC_045512.2	30112	C	G	0	0	0	1	1	93	0.5	2	0.5	FALSE	NA	NA	NA	NA	NA	NA
NC_045512.2	30112	C	A	0	0	0	1	1	93	0.5	2	0.5	FALSE	NA	NA	NA	NA	NA	NA
NC_045512.2	30114	G	C	0	0	0	1	1	71	0.5	2	0.5	FALSE	NA	NA	NA	NA	NA	NA
NC_045512.2	30114	G	A	0	0	0	1	1	46	0.5	2	0.5	FALSE	NA	NA	NA	NA	NA	NA
NC_045512.2	30115	C	T	0	0	0	1	1	93	0.5	2	0.5	FALSE	NA	NA	NA	NA	NA	NA
NC_045512.2	30115	C	A	0	0	0	1	1	93	0.5	2	0.5	FALSE	NA	NA	NA	NA	NA	NA
NC_045512.2	30116	G	A	1	1	93	1	1	60	0.5	2	0.666667	FALSE	NA	NA	NA	NA	NA	NA
NC_045512.2	30117	C	T	0	0	0	1	1	89	0.5	2	0.5	FALSE	NA	NA	NA	NA	NA	NA
NC_045512.2	30117	C	G	0	0	0	1	1	82	0.5	2	0.5	FALSE	NA	NA	NA	NA	NA	NA
NC_045512.2	30118	T	G	0	0	0	1	1	78	0.5	2	0.5	FALSE	NA	NA	NA	NA	NA	NA
NC_045512.2	30118	T	C	0	0	0	1	1	93	0.5	2	0.5	FALSE	NA	NA	NA	NA	NA	NA
NC_045512.2	30119	T	A	1	1	93	1	1	93	0.5	2	0.666667	FALSE	NA	NA	NA	NA	NA	NA
NC_045512.2	30120	C	G	0	0	0	1	1	93	0.5	2	0.5	FALSE	NA	NA	NA	NA	NA	NA
NC_045512.2	30120	C	A	0	0	0	1	1	48	0.5	2	0.5	FALSE	NA	NA	NA	NA	NA	NA
NC_045512.2	30121	A	C	1	1	93	1	1	46	0.5	2	0.666667	FALSE	NA	NA	NA	NA	NA	NA
NC_045512.2	30122	G	T	0	0	0	2	2	93	1	2	0.333333	FALSE	NA	NA	NA	NA	NA	NA
NC_045512.2	30123	C	G	0	0	0	1	1	93	0.5	2	0.5	FALSE	NA	NA	NA	NA	NA	NA
NC_045512.2	30123	C	A	0	0	0	1	1	93	0.5	2	0.5	FALSE	NA	NA	NA	NA	NA	NA
NC_045512.2	30124	G	A	0	0	0	2	2	61	1	2	0.333333	FALSE	NA	NA	NA	NA	NA	NA
NC_045512.2	30126	T	G	1	1	42	1	1	93	0.5	2	0.666667	FALSE	NA	NA	NA	NA	NA	NA
NC_045512.2	30127	C	G	0	0	0	1	1	93	0.5	2	0.5	FALSE	NA	NA	NA	NA	NA	NA
NC_045512.2	30127	C	A	0	0	0	1	1	42	0.5	2	0.5	FALSE	NA	NA	NA	NA	NA	NA
NC_045512.2	30128	T	C	0	0	0	1	1	49	0.5	2	0.5	FALSE	NA	NA	NA	NA	NA	NA
NC_045512.2	30128	T	A	0	0	0	1	1	93	0.5	2	0.5	FALSE	NA	NA	NA	NA	NA	NA
NC_045512.2	30129	T	C	0	0	0	1	1	91	0.5	2	0.5	FALSE	NA	NA	NA	NA	NA	NA
NC_045512.2	30129	T	A	0	0	0	1	1	91	0.5	2	0.5	FALSE	NA	NA	NA	NA	NA	NA
NC_045512.2	30130	C	A	1	1	93	1	1	93	0.5	2	0.666667	FALSE	NA	NA	NA	NA	NA	NA
NC_045512.2	30131	G	C	0	0	0	1	1	93	0.5	2	0.5	FALSE	NA	NA	NA	NA	NA	NA
NC_045512.2	30131	G	A	0	0	0	1	1	34	0.5	2	0.5	FALSE	NA	NA	NA	NA	NA	NA
NC_045512.2	30132	G	C	0	0	0	2	2	45	1	2	0.333333	FALSE	NA	NA	NA	NA	NA	NA
NC_045512.2	30134	A	T	1	1	93	1	1	78	0.5	2	0.666667	FALSE	NA	NA	NA	NA	NA	NA
NC_045512.2	30135	T	A	1	1	81	1	1	93	0.5	2	0.666667	FALSE	NA	NA	NA	NA	NA	NA
NC_045512.2	30136	G	A	1	1	93	1	1	21	0.5	2	0.666667	FALSE	NA	NA	NA	NA	NA	NA
NC_045512.2	30137	T	G	1	1	93	1	1	75	0.5	2	0.666667	FALSE	NA	NA	NA	NA	NA	NA
NC_045512.2	30139	G	C	0	0	0	1	1	34	0.5	2	0.5	FALSE	NA	NA	NA	NA	NA	NA
NC_045512.2	30139	G	A	0	0	0	1	1	93	0.5	2	0.5	FALSE	NA	NA	NA	NA	NA	NA
NC_045512.2	30140	C	G	0	0	0	2	2	93	1	2	0.333333	FALSE	NA	NA	NA	NA	NA	NA
NC_045512.2	30141	G	C	0	0	0	2	2	82	1	2	0.333333	FALSE	NA	NA	NA	NA	NA	NA
NC_045512.2	30142	C	G	0	0	0	1	1	93	0.5	2	0.5	FALSE	NA	NA	NA	NA	NA	NA
NC_045512.2	30142	C	A	0	0	0	1	1	93	0.5	2	0.5	FALSE	NA	NA	NA	NA	NA	NA
NC_045512.2	30144	T	A	0	0	0	2	2	65	1	2	0.333333	FALSE	NA	NA	NA	NA	NA	NA
NC_045512.2	30145	T	A	1	1	91	1	1	40	0.5	2	0.666667	FALSE	NA	NA	NA	NA	NA	NA
NC_045512.2	30146	G	T	0	0	0	2	2	76	1	2	0.333333	FALSE	NA	NA	NA	NA	NA	NA
NC_045512.2	30150	T	C	0	0	0	2	2	49	1	2	0.333333	FALSE	NA	NA	NA	NA	NA	NA
NC_045512.2	30151	G	T	0	0	0	1	1	93	0.5	2	0.5	FALSE	NA	NA	NA	NA	NA	NA
NC_045512.2	30151	G	A	0	0	0	1	1	93	0.5	2	0.5	FALSE	NA	NA	NA	NA	NA	NA
NC_045512.2	30152	G	C	0	0	0	1	1	93	0.5	2	0.5	FALSE	NA	NA	NA	NA	NA	NA
NC_045512.2	30152	G	A	0	0	0	1	1	69	0.5	2	0.5	FALSE	NA	NA	NA	NA	NA	NA
NC_045512.2	30153	A	T	0	0	0	1	1	86	0.5	2	0.5	FALSE	NA	NA	NA	NA	NA	NA
NC_045512.2	30153	A	C	0	0	0	1	1	44	0.5	2	0.5	FALSE	NA	NA	NA	NA	NA	NA
NC_045512.2	30154	A	T	0	0	0	1	1	85	0.5	2	0.5	FALSE	NA	NA	NA	NA	NA	NA
NC_045512.2	30154	A	G	0	0	0	1	1	93	0.5	2	0.5	FALSE	NA	NA	NA	NA	NA	NA
NC_045512.2	30155	G	T	0	0	0	1	1	66	0.5	2	0.5	FALSE	NA	NA	NA	NA	NA	NA
NC_045512.2	30155	G	C	0	0	0	1	1	93	0.5	2	0.5	FALSE	NA	NA	NA	NA	NA	NA
NC_045512.2	30156	T	G	0	0	0	1	1	72	0.5	2	0.5	FALSE	NA	NA	NA	NA	NA	NA
NC_045512.2	30156	T	A	0	0	0	1	1	70	0.5	2	0.5	FALSE	NA	NA	NA	NA	NA	NA
NC_045512.2	30157	C	T	1	1	63	1	1	93	0.5	2	0.666667	FALSE	NA	NA	NA	NA	NA	NA
NC_045512.2	30158	A	T	0	0	0	1	1	93	0.5	2	0.5	FALSE	NA	NA	NA	NA	NA	NA
NC_045512.2	30158	A	C	0	0	0	1	1	93	0.5	2	0.5	FALSE	NA	NA	NA	NA	NA	NA
NC_045512.2	30159	C	A	1	1	93	1	1	93	0.5	2	0.666667	FALSE	NA	NA	NA	NA	NA	NA
NC_045512.2	30160	A	C	0	0	0	2	2	93	1	2	0.333333	FALSE	NA	NA	NA	NA	NA	NA
NC_045512.2	30161	C	G	1	1	23	1	1	93	0.5	2	0.666667	FALSE	NA	NA	NA	NA	NA	NA
NC_045512.2	30162	C	T	0	0	0	1	1	93	0.5	2	0.5	FALSE	NA	NA	NA	NA	NA	NA
NC_045512.2	30162	C	A	0	0	0	1	1	71	0.5	2	0.5	FALSE	NA	NA	NA	NA	NA	NA
NC_045512.2	30163	T	G	1	1	93	1	1	78	0.5	2	0.666667	FALSE	NA	NA	NA	NA	NA	NA
NC_045512.2	30164	T	C	1	1	34	1	1	76	0.5	2	0.666667	FALSE	NA	NA	NA	NA	NA	NA
NC_045512.2	30165	C	G	0	0	0	2	2	93	1	2	0.333333	FALSE	NA	NA	NA	NA	NA	NA
NC_045512.2	30166	G	C	1	1	93	1	1	34	0.5	2	0.666667	FALSE	NA	NA	NA	NA	NA	NA
NC_045512.2	30167	G	T	0	0	0	2	2	76	1	2	0.333333	FALSE	NA	NA	NA	NA	NA	NA
NC_045512.2	30168	G	T	1	1	93	1	1	38	0.5	2	0.666667	FALSE	NA	NA	NA	NA	NA	NA
NC_045512.2	30169	A	G	0	0	0	1	1	93	0.5	2	0.5	FALSE	NA	NA	NA	NA	NA	NA
NC_045512.2	30169	A	C	0	0	0	1	1	52	0.5	2	0.5	FALSE	NA	NA	NA	NA	NA	NA
NC_045512.2	30170	A	G	1	1	80	1	1	88	0.5	2	0.666667	FALSE	NA	NA	NA	NA	NA	NA
NC_045512.2	30171	C	G	1	1	93	1	1	83	0.5	2	0.666667	FALSE	NA	NA	NA	NA	NA	NA
NC_045512.2	30172	G	C	0	0	0	2	2	66	1	2	0.333333	FALSE	NA	NA	NA	NA	NA	NA
NC_045512.2	30173	T	G	0	0	0	1	1	33	0.5	2	0.5	FALSE	NA	NA	NA	NA	NA	NA
NC_045512.2	30173	T	C	0	0	0	1	1	39	0.5	2	0.5	FALSE	NA	NA	NA	NA	NA	NA
NC_045512.2	30174	G	T	0	0	0	2	2	83	1	2	0.333333	FALSE	NA	NA	NA	NA	NA	NA
NC_045512.2	30175	G	T	0	0	0	1	1	36	0.5	2	0.5	FALSE	NA	NA	NA	NA	NA	NA
NC_045512.2	30175	G	C	0	0	0	1	1	67	0.5	2	0.5	FALSE	NA	NA	NA	NA	NA	NA
NC_045512.2	30176	T	C	0	0	0	1	1	68	0.5	2	0.5	FALSE	NA	NA	NA	NA	NA	NA
NC_045512.2	30176	T	A	0	0	0	1	1	93	0.5	2	0.5	FALSE	NA	NA	NA	NA	NA	NA
NC_045512.2	30177	T	G	1	1	76	1	1	93	0.5	2	0.666667	FALSE	NA	NA	NA	NA	NA	NA
NC_045512.2	30178	G	T	0	0	0	1	1	39	0.5	2	0.5	FALSE	NA	NA	NA	NA	NA	NA
NC_045512.2	30178	G	A	0	0	0	1	1	93	0.5	2	0.5	FALSE	NA	NA	NA	NA	NA	NA
NC_045512.2	30179	A	T	0	0	0	1	1	93	0.5	2	0.5	FALSE	NA	NA	NA	NA	NA	NA
NC_045512.2	30179	A	C	0	0	0	1	1	54	0.5	2	0.5	FALSE	NA	NA	NA	NA	NA	NA
NC_045512.2	30180	C	T	0	0	0	1	1	93	0.5	2	0.5	FALSE	NA	NA	NA	NA	NA	NA
NC_045512.2	30180	C	G	0	0	0	1	1	89	0.5	2	0.5	FALSE	NA	NA	NA	NA	NA	NA
NC_045512.2	30181	C	G	1	1	78	1	1	32	0.5	2	0.666667	FALSE	NA	NA	NA	NA	NA	NA
NC_045512.2	30182	T	A	0	0	0	2	2	93	1	2	0.333333	FALSE	NA	NA	NA	NA	NA	NA
NC_045512.2	30184	C	T	1	1	93	1	1	93	0.5	2	0.666667	FALSE	NA	NA	NA	NA	NA	NA
NC_045512.2	30185	A	T	0	0	0	1	1	80	0.5	2	0.5	FALSE	NA	NA	NA	NA	NA	NA
NC_045512.2	30185	A	G	0	0	0	1	1	93	0.5	2	0.5	FALSE	NA	NA	NA	NA	NA	NA
NC_045512.2	30186	C	T	0	0	0	1	1	93	0.5	2	0.5	FALSE	NA	NA	NA	NA	NA	NA
NC_045512.2	30186	C	G	0	0	0	1	1	93	0.5	2	0.5	FALSE	NA	NA	NA	NA	NA	NA
NC_045512.2	30187	A	G	0	0	0	1	1	81	0.5	2	0.5	FALSE	NA	NA	NA	NA	NA	NA
NC_045512.2	30187	A	C	0	0	0	1	1	67	0.5	2	0.5	FALSE	NA	NA	NA	NA	NA	NA
NC_045512.2	30188	G	C	1	1	48	1	1	93	0.5	2	0.666667	FALSE	NA	NA	NA	NA	NA	NA
NC_045512.2	30189	G	C	0	0	0	1	1	43	0.5	2	0.5	FALSE	NA	NA	NA	NA	NA	NA
NC_045512.2	30189	G	A	0	0	0	1	1	85	0.5	2	0.5	FALSE	NA	NA	NA	NA	NA	NA
NC_045512.2	30190	T	G	0	0	0	2	2	88	1	2	0.333333	FALSE	NA	NA	NA	NA	NA	NA
NC_045512.2	30191	G	T	0	0	0	1	1	93	0.5	2	0.5	FALSE	NA	NA	NA	NA	NA	NA
NC_045512.2	30191	G	C	0	0	0	1	1	47	0.5	2	0.5	FALSE	NA	NA	NA	NA	NA	NA
NC_045512.2	30192	C	A	0	0	0	2	2	59	1	2	0.333333	FALSE	NA	NA	NA	NA	NA	NA
NC_045512.2	30193	C	T	0	0	0	1	1	69	0.5	2	0.5	FALSE	NA	NA	NA	NA	NA	NA
NC_045512.2	30193	C	A	0	0	0	1	1	45	0.5	2	0.5	FALSE	NA	NA	NA	NA	NA	NA
NC_045512.2	30194	A	T	0	0	0	1	1	39	0.5	2	0.5	FALSE	NA	NA	NA	NA	NA	NA
NC_045512.2	30194	A	C	0	0	0	1	1	93	0.5	2	0.5	FALSE	NA	NA	NA	NA	NA	NA
NC_045512.2	30195	T	G	0	0	0	1	1	72	0.5	2	0.5	FALSE	NA	NA	NA	NA	NA	NA
NC_045512.2	30195	T	C	0	0	0	1	1	67	0.5	2	0.5	FALSE	NA	NA	NA	NA	NA	NA
NC_045512.2	30196	C	G	0	0	0	1	1	67	0.5	2	0.5	FALSE	NA	NA	NA	NA	NA	NA
NC_045512.2	30196	C	A	0	0	0	1	1	93	0.5	2	0.5	FALSE	NA	NA	NA	NA	NA	NA
NC_045512.2	30197	A	G	0	0	0	1	1	93	0.5	2	0.5	FALSE	NA	NA	NA	NA	NA	NA
NC_045512.2	30197	A	C	0	0	0	1	1	38	0.5	2	0.5	FALSE	NA	NA	NA	NA	NA	NA
NC_045512.2	30199	A	T	1	1	93	1	1	64	0.5	2	0.666667	FALSE	NA	NA	NA	NA	NA	NA
NC_045512.2	30200	T	G	1	1	93	1	1	56	0.5	2	0.666667	FALSE	NA	NA	NA	NA	NA	NA
NC_045512.2	30201	T	G	0	0	0	2	2	66	1	2	0.333333	FALSE	NA	NA	NA	NA	NA	NA
NC_045512.2	30201	T	-NNNNNNNNN	0	0	0	1	0	20	0.5	2	0.5	FALSE	NA	NA	NA	NA	NA	NA
NC_045512.2	30202	G	A	0	0	0	1	1	72	1	1	0.5	FALSE	NA	NA	NA	NA	NA	NA
NC_045512.2	30203	G	A	0	0	0	1	1	37	1	1	0.5	FALSE	NA	NA	NA	NA	NA	NA
NC_045512.2	30204	A	G	0	0	0	1	1	93	1	1	0.5	FALSE	NA	NA	NA	NA	NA	NA
NC_045512.2	30206	G	C	0	0	0	1	1	58	1	1	0.5	FALSE	NA	NA	NA	NA	NA	NA
NC_045512.2	30210	A	C	0	0	0	1	1	79	1	1	0.5	FALSE	NA	NA	NA	NA	NA	NA
NC_045512.2	30211	A	G	0	0	0	1	1	93	0.5	2	0.5	FALSE	NA	NA	NA	NA	NA	NA
NC_045512.2	30211	A	C	0	0	0	1	1	28	0.5	2	0.5	FALSE	NA	NA	NA	NA	NA	NA
NC_045512.2	30212	G	T	0	0	0	2	2	82	1	2	0.333333	FALSE	NA	NA	NA	NA	NA	NA
NC_045512.2	30213	A	T	0	0	0	1	1	67	0.5	2	0.5	FALSE	NA	NA	NA	NA	NA	NA
NC_045512.2	30213	A	G	0	0	0	1	1	93	0.5	2	0.5	FALSE	NA	NA	NA	NA	NA	NA
NC_045512.2	30214	T	G	0	0	0	1	1	93	0.5	2	0.5	FALSE	NA	NA	NA	NA	NA	NA
NC_045512.2	30214	T	C	0	0	0	1	1	38	0.5	2	0.5	FALSE	NA	NA	NA	NA	NA	NA
NC_045512.2	30215	C	G	0	0	0	2	2	93	1	2	0.333333	FALSE	NA	NA	NA	NA	NA	NA
NC_045512.2	30216	C	G	0	0	0	1	1	93	1	1	1	FALSE	NA	NA	NA	NA	NA	NA
NC_045512.2	30217	A	C	0	0	0	1	1	93	1	1	1	FALSE	NA	NA	NA	NA	NA	NA
NC_045512.2	30218	A	G	1	1	89	1	1	93	0.5	2	0.666667	FALSE	NA	NA	NA	NA	NA	NA
NC_045512.2	30219	A	C	0	0	0	1	1	93	1	1	1	FALSE	NA	NA	NA	NA	NA	NA
NC_045512.2	30220	T	G	0	0	0	1	1	93	0.5	2	0.5	FALSE	NA	NA	NA	NA	NA	NA
NC_045512.2	30220	T	C	0	0	0	1	1	60	0.5	2	0.5	FALSE	NA	NA	NA	NA	NA	NA
NC_045512.2	30221	T	G	0	0	0	1	1	48	0.5	2	0.5	FALSE	NA	NA	NA	NA	NA	NA
NC_045512.2	30221	T	A	0	0	0	1	1	93	0.5	2	0.5	FALSE	NA	NA	NA	NA	NA	NA
NC_045512.2	30223	C	G	1	1	55	1	1	85	0.5	2	0.666667	FALSE	NA	NA	NA	NA	NA	NA
NC_045512.2	30224	A	G	1	1	93	1	1	38	0.5	2	0.666667	FALSE	NA	NA	NA	NA	NA	NA
NC_045512.2	30225	A	T	1	1	93	1	1	50	0.5	2	0.666667	FALSE	NA	NA	NA	NA	NA	NA
NC_045512.2	30226	A	T	1	1	93	1	1	35	0.5	2	0.666667	FALSE	NA	NA	NA	NA	NA	NA
NC_045512.2	30227	G	A	1	1	93	1	1	41	0.5	2	0.666667	FALSE	NA	NA	NA	NA	NA	NA
NC_045512.2	30228	A	C	1	1	93	1	1	93	0.5	2	0.666667	FALSE	NA	NA	NA	NA	NA	NA
NC_045512.2	30229	T	C	0	0	0	1	1	93	0.5	2	0.5	FALSE	NA	NA	NA	NA	NA	NA
NC_045512.2	30229	T	A	0	0	0	1	1	93	0.5	2	0.5	FALSE	NA	NA	NA	NA	NA	NA
NC_045512.2	30230	C	A	1	1	44	1	1	67	0.5	2	0.666667	FALSE	NA	NA	NA	NA	NA	NA
NC_045512.2	30231	A	T	0	0	0	1	1	72	0.5	2	0.5	FALSE	NA	NA	NA	NA	NA	NA
NC_045512.2	30231	A	C	0	0	0	1	1	93	0.5	2	0.5	FALSE	NA	NA	NA	NA	NA	NA
NC_045512.2	30232	A	G	1	1	93	1	1	93	0.5	2	0.666667	FALSE	NA	NA	NA	NA	NA	NA
NC_045512.2	30233	G	T	0	0	0	1	1	93	0.5	2	0.5	FALSE	NA	NA	NA	NA	NA	NA
NC_045512.2	30233	G	C	0	0	0	1	1	55	0.5	2	0.5	FALSE	NA	NA	NA	NA	NA	NA
NC_045512.2	30234	T	C	0	0	0	1	1	45	0.5	2	0.5	FALSE	NA	NA	NA	NA	NA	NA
NC_045512.2	30234	T	A	0	0	0	1	1	93	0.5	2	0.5	FALSE	NA	NA	NA	NA	NA	NA
NC_045512.2	30235	C	G	1	1	62	1	1	93	0.5	2	0.666667	FALSE	NA	NA	NA	NA	NA	NA
NC_045512.2	30236	A	G	0	0	0	1	1	58	1	1	1	FALSE	NA	NA	NA	NA	NA	NA
NC_045512.2	30237	T	C	0	0	0	1	1	93	1	1	1	FALSE	NA	NA	NA	NA	NA	NA
NC_045512.2	30238	T	C	0	0	0	1	1	93	1	1	1	FALSE	NA	NA	NA	NA	NA	NA
NC_045512.2	30239	T	C	0	0	0	1	1	93	1	1	1	FALSE	NA	NA	NA	NA	NA	NA
NC_045512.2	30240	T	C	0	0	0	1	1	65	1	1	1	FALSE	NA	NA	NA	NA	NA	NA
NC_045512.2	30241	G	A	0	0	0	1	1	93	1	1	1	FALSE	NA	NA	NA	NA	NA	NA
NC_045512.2	30242	C	A	0	0	0	1	1	93	1	1	1	FALSE	NA	NA	NA	NA	NA	NA
NC_045512.2	30243	T	G	0	0	0	1	1	93	1	1	1	FALSE	NA	NA	NA	NA	NA	NA
NC_045512.2	30245	A	T	0	0	0	1	1	93	1	1	1	FALSE	NA	NA	NA	NA	NA	NA
NC_045512.2	30246	A	T	0	0	0	1	1	87	1	1	1	FALSE	NA	NA	NA	NA	NA	NA
NC_045512.2	30249	A	C	0	0	0	1	1	70	1	1	1	FALSE	NA	NA	NA	NA	NA	NA
NC_045512.2	30250	G	C	0	0	0	1	1	93	1	1	1	FALSE	NA	NA	NA	NA	NA	NA
NC_045512.2	30253	T	A	0	0	0	1	1	91	1	1	1	FALSE	NA	NA	NA	NA	NA	NA
NC_045512.2	30254	A	T	0	0	0	1	1	88	1	1	1	FALSE	NA	NA	NA	NA	NA	NA
NC_045512.2	30255	T	A	0	0	0	1	1	93	1	1	1	FALSE	NA	NA	NA	NA	NA	NA
NC_045512.2	30256	T	A	0	0	0	1	1	65	1	1	1	FALSE	NA	NA	NA	NA	NA	NA
NC_045512.2	30257	G	T	0	0	0	1	1	93	1	1	1	FALSE	NA	NA	NA	NA	NA	NA
NC_045512.2	30260	G	T	0	0	0	1	1	76	1	1	1	FALSE	NA	NA	NA	NA	NA	NA
NC_045512.2	30261	C	G	0	0	0	1	1	93	1	1	1	FALSE	NA	NA	NA	NA	NA	NA
NC_045512.2	30262	A	C	0	0	0	1	1	92	1	1	1	FALSE	NA	NA	NA	NA	NA	NA
NC_045512.2	30263	T	G	0	0	0	1	1	93	1	1	1	FALSE	NA	NA	NA	NA	NA	NA
NC_045512.2	30264	A	T	0	0	0	1	1	93	1	1	1	FALSE	NA	NA	NA	NA	NA	NA
NC_045512.2	30266	A	T	0	0	0	1	1	93	1	1	1	FALSE	NA	NA	NA	NA	NA	NA
NC_045512.2	30267	A	T	0	0	0	1	1	93	1	1	1	FALSE	NA	NA	NA	NA	NA	NA
NC_045512.2	30268	A	G	0	0	0	1	1	93	1	1	1	FALSE	NA	NA	NA	NA	NA	NA
NC_045512.2	30269	A	G	0	0	0	1	1	93	1	1	1	FALSE	NA	NA	NA	NA	NA	NA
NC_045512.2	30270	C	T	0	0	0	1	1	75	1	1	1	FALSE	NA	NA	NA	NA	NA	NA
NC_045512.2	30271	A	T	0	0	0	1	1	93	1	1	1	FALSE	NA	NA	NA	NA	NA	NA
NC_045512.2	30272	T	C	0	0	0	1	1	71	1	1	1	FALSE	NA	NA	NA	NA	NA	NA
NC_045512.2	30273	T	A	0	0	0	1	1	93	1	1	1	FALSE	NA	NA	NA	NA	NA	NA
NC_045512.2	30276	C	G	0	0	0	1	1	93	1	1	1	FALSE	NA	NA	NA	NA	NA	NA
NC_045512.2	30277	A	C	0	0	0	1	1	60	1	1	1	FALSE	NA	NA	NA	NA	NA	NA
NC_045512.2	30278	C	T	0	0	0	1	1	93	1	1	1	FALSE	NA	NA	NA	NA	NA	NA
NC_045512.2	30280	A	T	0	0	0	1	1	93	1	1	1	FALSE	NA	NA	NA	NA	NA	NA
NC_045512.2	30281	A	C	0	0	0	1	1	89	1	1	1	FALSE	NA	NA	NA	NA	NA	NA
NC_045512.2	30282	C	A	0	0	0	1	1	93	1	1	1	FALSE	NA	NA	NA	NA	NA	NA
NC_045512.2	30283	A	C	0	0	0	1	1	93	1	1	1	FALSE	NA	NA	NA	NA	NA	NA
NC_045512.2	30284	G	T	0	0	0	1	1	93	1	1	1	FALSE	NA	NA	NA	NA	NA	NA
NC_045512.2	30285	A	C	0	0	0	1	1	89	1	1	1	FALSE	NA	NA	NA	NA	NA	NA
NC_045512.2	30286	G	A	0	0	0	1	1	93	1	1	1	FALSE	NA	NA	NA	NA	NA	NA
NC_045512.2	30287	C	A	0	0	0	1	1	34	1	1	1	FALSE	NA	NA	NA	NA	NA	NA
NC_045512.2	30289	T	A	0	0	0	1	1	33	1	1	1	FALSE	NA	NA	NA	NA	NA	NA
NC_045512.2	30290	A	T	0	0	0	1	1	75	1	1	1	FALSE	NA	NA	NA	NA	NA	NA
NC_045512.2	30291	A	G	0	0	0	1	1	84	1	1	1	FALSE	NA	NA	NA	NA	NA	NA
NC_045512.2	30292	A	G	0	0	0	1	1	93	1	1	1	FALSE	NA	NA	NA	NA	NA	NA
NC_045512.2	30293	A	C	0	0	0	1	1	93	1	1	1	FALSE	NA	NA	NA	NA	NA	NA
NC_045512.2	30295	G	A	0	0	0	1	1	93	1	1	1	FALSE	NA	NA	NA	NA	NA	NA
NC_045512.2	30297	A	G	0	0	0	1	1	90	1	1	1	FALSE	NA	NA	NA	NA	NA	NA
NC_045512.2	30298	C	A	0	0	0	1	1	88	1	1	1	FALSE	NA	NA	NA	NA	NA	NA
NC_045512.2	30300	A	G	0	0	0	1	1	93	1	1	1	FALSE	NA	NA	NA	NA	NA	NA
NC_045512.2	30302	A	C	0	0	0	1	1	93	1	1	1	FALSE	NA	NA	NA	NA	NA	NA
NC_045512.2	30303	A	C	0	0	0	1	1	60	1	1	1	FALSE	NA	NA	NA	NA	NA	NA
NC_045512.2	30304	G	T	0	0	0	1	1	93	1	1	1	FALSE	NA	NA	NA	NA	NA	NA
NC_045512.2	30305	A	T	0	0	0	1	1	93	1	1	1	FALSE	NA	NA	NA	NA	NA	NA
NC_045512.2	30307	G	A	0	0	0	1	1	93	1	1	1	FALSE	NA	NA	NA	NA	NA	NA
NC_045512.2	30309	A	T	0	0	0	1	1	93	1	1	1	FALSE	NA	NA	NA	NA	NA	NA
NC_045512.2	30310	G	T	0	0	0	1	1	89	1	1	1	FALSE	NA	NA	NA	NA	NA	NA
NC_045512.2	30311	G	C	0	0	0	1	1	93	1	1	1	FALSE	NA	NA	NA	NA	NA	NA
NC_045512.2	30313	T	C	0	0	0	1	1	61	1	1	1	FALSE	NA	NA	NA	NA	NA	NA
NC_045512.2	30314	G	T	0	0	0	1	1	93	1	1	1	FALSE	NA	NA	NA	NA	NA	NA
NC_045512.2	30315	A	C	0	0	0	1	1	93	1	1	1	FALSE	NA	NA	NA	NA	NA	NA
NC_045512.2	30316	T	G	0	0	0	1	1	93	1	1	1	FALSE	NA	NA	NA	NA	NA	NA
NC_045512.2	30317	G	A	0	0	0	1	1	93	1	1	1	FALSE	NA	NA	NA	NA	NA	NA
NC_045512.2	30318	A	G	0	0	0	1	1	93	1	1	1	FALSE	NA	NA	NA	NA	NA	NA
NC_045512.2	30319	A	G	0	0	0	1	1	78	1	1	1	FALSE	NA	NA	NA	NA	NA	NA
NC_045512.2	30322	T	A	0	0	0	1	1	93	1	1	1	FALSE	NA	NA	NA	NA	NA	NA
NC_045512.2	30323	C	A	0	0	0	1	1	93	1	1	1	FALSE	NA	NA	NA	NA	NA	NA
NC_045512.2	30324	A	G	0	0	0	1	1	93	1	1	1	FALSE	NA	NA	NA	NA	NA	NA
NC_045512.2	30325	A	G	0	0	0	1	1	80	1	1	1	FALSE	NA	NA	NA	NA	NA	NA
NC_045512.2	30326	G	C	0	0	0	1	1	93	1	1	1	FALSE	NA	NA	NA	NA	NA	NA
NC_045512.2	30327	C	G	0	0	0	1	1	93	1	1	1	FALSE	NA	NA	NA	NA	NA	NA
NC_045512.2	30328	C	T	0	0	0	1	1	93	1	1	1	FALSE	NA	NA	NA	NA	NA	NA
NC_045512.2	30329	T	-N	1	1	63	1	0	20	1	1	1	FALSE	NA	NA	NA	NA	NA	NA
NC_045512.2	30331	A	C	0	0	0	1	1	35	1	1	1	FALSE	NA	NA	NA	NA	NA	NA
NC_045512.2	30332	C	A	0	0	0	1	1	93	1	1	1	FALSE	NA	NA	NA	NA	NA	NA
NC_045512.2	30333	C	A	0	0	0	1	1	91	1	1	1	FALSE	NA	NA	NA	NA	NA	NA
NC_045512.2	30334	G	T	0	0	0	1	1	75	1	1	1	FALSE	NA	NA	NA	NA	NA	NA
NC_045512.2	30335	C	T	0	0	0	1	1	45	1	1	1	FALSE	NA	NA	NA	NA	NA	NA
NC_045512.2	30337	G	A	0	0	0	1	1	93	1	1	1	FALSE	NA	NA	NA	NA	NA	NA
NC_045512.2	30338	A	C	0	0	0	1	1	86	1	1	1	FALSE	NA	NA	NA	NA	NA	NA
NC_045512.2	30339	G	A	0	0	0	1	1	85	1	1	1	FALSE	NA	NA	NA	NA	NA	NA
NC_045512.2	30340	A	C	0	0	0	1	1	85	1	1	1	FALSE	NA	NA	NA	NA	NA	NA
NC_045512.2	30343	G	A	0	0	0	1	1	93	1	1	1	FALSE	NA	NA	NA	NA	NA	NA
NC_045512.2	30344	A	T	0	0	0	1	1	93	1	1	1	FALSE	NA	NA	NA	NA	NA	NA
NC_045512.2	30347	A	C	0	0	0	1	1	93	1	1	1	FALSE	NA	NA	NA	NA	NA	NA
NC_045512.2	30349	A	G	0	0	0	1	1	93	1	1	1	FALSE	NA	NA	NA	NA	NA	NA
NC_045512.2	30350	C	T	0	0	0	1	1	93	1	1	1	FALSE	NA	NA	NA	NA	NA	NA
NC_045512.2	30351	A	C	0	0	0	1	1	93	1	1	1	FALSE	NA	NA	NA	NA	NA	NA
NC_045512.2	30352	G	C	0	0	0	1	1	72	1	1	1	FALSE	NA	NA	NA	NA	NA	NA
NC_045512.2	30353	C	A	0	0	0	1	1	93	1	1	1	FALSE	NA	NA	NA	NA	NA	NA
NC_045512.2	30354	A	G	0	0	0	1	1	93	1	1	1	FALSE	NA	NA	NA	NA	NA	NA
NC_045512.2	30356	A	T	0	0	0	1	1	93	1	1	1	FALSE	NA	NA	NA	NA	NA	NA
NC_045512.2	30357	C	G	0	0	0	1	1	93	1	1	1	FALSE	NA	NA	NA	NA	NA	NA
NC_045512.2	30358	T	A	0	0	0	1	1	86	1	1	1	FALSE	NA	NA	NA	NA	NA	NA
NC_045512.2	30359	G	C	0	0	0	1	1	66	1	1	1	FALSE	NA	NA	NA	NA	NA	NA
NC_045512.2	30361	G	A	0	0	0	1	1	47	1	1	1	FALSE	NA	NA	NA	NA	NA	NA
NC_045512.2	30363	C	A	0	0	0	1	1	65	1	1	1	FALSE	NA	NA	NA	NA	NA	NA
NC_045512.2	30365	C	T	0	0	0	1	1	78	1	1	1	FALSE	NA	NA	NA	NA	NA	NA
NC_045512.2	30366	T	G	0	0	0	1	1	93	1	1	1	FALSE	NA	NA	NA	NA	NA	NA
NC_045512.2	30367	T	G	0	0	0	1	1	93	1	1	1	FALSE	NA	NA	NA	NA	NA	NA
NC_045512.2	30370	T	A	0	0	0	1	1	93	1	1	1	FALSE	NA	NA	NA	NA	NA	NA
NC_045512.2	30372	C	T	0	0	0	1	1	93	1	1	1	FALSE	NA	NA	NA	NA	NA	NA
NC_045512.2	30373	T	A	0	0	0	1	1	93	1	1	1	FALSE	NA	NA	NA	NA	NA	NA
NC_045512.2	30374	G	C	0	0	0	1	1	93	1	1	1	FALSE	NA	NA	NA	NA	NA	NA
NC_045512.2	30376	T	G	0	0	0	1	1	93	1	1	1	FALSE	NA	NA	NA	NA	NA	NA
NC_045512.2	30377	G	A	0	0	0	1	1	93	1	1	1	FALSE	NA	NA	NA	NA	NA	NA
NC_045512.2	30378	C	A	0	0	0	1	1	71	1	1	1	FALSE	NA	NA	NA	NA	NA	NA
NC_045512.2	30379	A	G	0	0	0	1	1	93	1	1	1	FALSE	NA	NA	NA	NA	NA	NA
NC_045512.2	30380	G	A	0	0	0	1	1	68	1	1	1	FALSE	NA	NA	NA	NA	NA	NA
NC_045512.2	30381	A	G	0	0	0	1	1	92	1	1	1	FALSE	NA	NA	NA	NA	NA	NA
NC_045512.2	30382	T	C	0	0	0	1	1	93	1	1	1	FALSE	NA	NA	NA	NA	NA	NA
NC_045512.2	30384	T	A	0	0	0	1	1	93	1	1	1	FALSE	NA	NA	NA	NA	NA	NA
NC_045512.2	30385	G	C	0	0	0	1	1	93	1	1	1	FALSE	NA	NA	NA	NA	NA	NA
NC_045512.2	30386	G	C	0	0	0	1	1	86	1	1	1	FALSE	NA	NA	NA	NA	NA	NA
NC_045512.2	30388	T	G	0	0	0	1	1	93	1	1	1	FALSE	NA	NA	NA	NA	NA	NA
NC_045512.2	30389	G	A	0	0	0	1	1	93	1	1	1	FALSE	NA	NA	NA	NA	NA	NA
NC_045512.2	30390	A	C	0	0	0	1	1	83	1	1	1	FALSE	NA	NA	NA	NA	NA	NA
NC_045512.2	30391	T	G	0	0	0	1	1	93	1	1	1	FALSE	NA	NA	NA	NA	NA	NA
NC_045512.2	30392	T	A	0	0	0	1	1	93	1	1	1	FALSE	NA	NA	NA	NA	NA	NA
NC_045512.2	30393	T	A	0	0	0	1	1	68	1	1	1	FALSE	NA	NA	NA	NA	NA	NA
NC_045512.2	30394	C	T	0	0	0	1	1	93	1	1	1	FALSE	NA	NA	NA	NA	NA	NA
NC_045512.2	30397	C	G	0	0	0	1	1	83	1	1	1	FALSE	NA	NA	NA	NA	NA	NA
NC_045512.2	30398	A	T	0	0	0	1	1	40	1	1	1	FALSE	NA	NA	NA	NA	NA	NA
NC_045512.2	30398	A	+C	0	0	0	1	0	20	1	1	1	FALSE	NA	NA	NA	NA	NA	NA
NC_045512.2	30399	A	G	0	0	0	1	1	93	1	1	1	FALSE	NA	NA	NA	NA	NA	NA
NC_045512.2	30400	A	G	0	0	0	1	1	37	1	1	1	FALSE	NA	NA	NA	NA	NA	NA
NC_045512.2	30401	C	T	0	0	0	1	1	40	1	1	1	FALSE	NA	NA	NA	NA	NA	NA
NC_045512.2	30402	A	G	0	0	0	1	1	93	1	1	1	FALSE	NA	NA	NA	NA	NA	NA
NC_045512.2	30403	A	G	0	0	0	1	1	69	1	1	1	FALSE	NA	NA	NA	NA	NA	NA
NC_045512.2	30405	T	G	0	0	0	1	1	85	1	1	1	FALSE	NA	NA	NA	NA	NA	NA
NC_045512.2	30406	G	A	0	0	0	1	1	83	1	1	1	FALSE	NA	NA	NA	NA	NA	NA
NC_045512.2	30408	A	G	0	0	0	1	1	90	1	1	1	FALSE	NA	NA	NA	NA	NA	NA
NC_045512.2	30409	A	G	0	0	0	1	1	78	1	1	1	FALSE	NA	NA	NA	NA	NA	NA
NC_045512.2	30410	C	T	0	0	0	1	1	93	1	1	1	FALSE	NA	NA	NA	NA	NA	NA
NC_045512.2	30413	T	A	0	0	0	1	1	93	1	1	1	FALSE	NA	NA	NA	NA	NA	NA
NC_045512.2	30414	C	A	0	0	0	1	1	28	1	1	1	FALSE	NA	NA	NA	NA	NA	NA
NC_045512.2	30415	C	T	0	0	0	1	1	93	1	1	1	FALSE	NA	NA	NA	NA	NA	NA
NC_045512.2	30416	A	G	0	0	0	1	1	93	1	1	1	FALSE	NA	NA	NA	NA	NA	NA
NC_045512.2	30417	T	A	0	0	0	1	1	85	1	1	1	FALSE	NA	NA	NA	NA	NA	NA
NC_045512.2	30418	G	A	0	0	0	1	1	23	1	1	1	FALSE	NA	NA	NA	NA	NA	NA
NC_045512.2	30421	C	A	0	0	0	1	1	93	1	1	1	FALSE	NA	NA	NA	NA	NA	NA
NC_045512.2	30422	A	T	0	0	0	1	1	60	1	1	1	FALSE	NA	NA	NA	NA	NA	NA
NC_045512.2	30423	G	C	0	0	0	1	1	93	1	1	1	FALSE	NA	NA	NA	NA	NA	NA
NC_045512.2	30425	G	C	0	0	0	1	1	93	1	1	1	FALSE	NA	NA	NA	NA	NA	NA
NC_045512.2	30426	C	A	0	0	0	1	1	93	1	1	1	FALSE	NA	NA	NA	NA	NA	NA
NC_045512.2	30427	T	G	0	0	0	1	1	93	1	1	1	FALSE	NA	NA	NA	NA	NA	NA
NC_045512.2	30428	G	T	0	0	0	1	1	93	1	1	1	FALSE	NA	NA	NA	NA	NA	NA
NC_045512.2	30429	A	C	0	0	0	1	1	84	1	1	1	FALSE	NA	NA	NA	NA	NA	NA
NC_045512.2	30431	T	A	0	0	0	1	1	93	1	1	1	FALSE	NA	NA	NA	NA	NA	NA
NC_045512.2	30432	C	A	0	0	0	1	1	65	1	1	1	FALSE	NA	NA	NA	NA	NA	NA
NC_045512.2	30433	A	G	0	0	0	1	1	93	1	1	1	FALSE	NA	NA	NA	NA	NA	NA
NC_045512.2	30435	C	T	0	0	0	1	1	93	1	1	1	FALSE	NA	NA	NA	NA	NA	NA
NC_045512.2	30436	T	G	0	0	0	1	1	93	1	1	1	FALSE	NA	NA	NA	NA	NA	NA
NC_045512.2	30437	C	G	0	0	0	1	1	93	1	1	1	FALSE	NA	NA	NA	NA	NA	NA
NC_045512.2	30438	A	T	0	0	0	1	1	93	1	1	1	FALSE	NA	NA	NA	NA	NA	NA
NC_045512.2	30439	G	A	0	0	0	1	1	58	1	1	1	FALSE	NA	NA	NA	NA	NA	NA
NC_045512.2	30440	G	T	0	0	0	1	1	93	1	1	1	FALSE	NA	NA	NA	NA	NA	NA
NC_045512.2	30441	C	T	0	0	0	1	1	41	1	1	1	FALSE	NA	NA	NA	NA	NA	NA
NC_045512.2	30443	T	C	0	0	0	1	1	83	1	1	1	FALSE	NA	NA	NA	NA	NA	NA
NC_045512.2	30444	A	T	0	0	0	1	1	93	1	1	1	FALSE	NA	NA	NA	NA	NA	NA
NC_045512.2	30446	A	C	0	0	0	1	1	93	1	1	1	FALSE	NA	NA	NA	NA	NA	NA
NC_045512.2	30447	C	T	0	0	0	1	1	93	1	1	1	FALSE	NA	NA	NA	NA	NA	NA
NC_045512.2	30448	T	A	0	0	0	1	1	93	1	1	1	FALSE	NA	NA	NA	NA	NA	NA
NC_045512.2	30450	A	C	0	0	0	1	1	67	1	1	1	FALSE	NA	NA	NA	NA	NA	NA
NC_045512.2	30452	G	A	0	0	0	1	1	93	1	1	1	FALSE	NA	NA	NA	NA	NA	NA
NC_045512.2	30453	C	G	0	0	0	1	1	76	1	1	1	FALSE	NA	NA	NA	NA	NA	NA
NC_045512.2	30454	A	G	0	0	0	1	1	93	1	1	1	FALSE	NA	NA	NA	NA	NA	NA
NC_045512.2	30455	G	A	0	0	0	1	1	93	1	1	1	FALSE	NA	NA	NA	NA	NA	NA
NC_045512.2	30458	C	T	0	0	0	1	1	93	1	1	1	FALSE	NA	NA	NA	NA	NA	NA
NC_045512.2	30459	A	G	0	0	0	1	1	93	1	1	1	FALSE	NA	NA	NA	NA	NA	NA
NC_045512.2	30460	C	G	0	0	0	1	1	93	1	1	1	FALSE	NA	NA	NA	NA	NA	NA
NC_045512.2	30461	A	G	0	0	0	1	1	93	1	1	1	FALSE	NA	NA	NA	NA	NA	NA
NC_045512.2	30463	A	C	0	0	0	1	1	73	1	1	1	FALSE	NA	NA	NA	NA	NA	NA
NC_045512.2	30466	G	A	0	0	0	1	1	93	1	1	1	FALSE	NA	NA	NA	NA	NA	NA
NC_045512.2	30467	C	A	0	0	0	1	1	65	1	1	1	FALSE	NA	NA	NA	NA	NA	NA
NC_045512.2	30468	A	G	0	0	0	1	1	93	1	1	1	FALSE	NA	NA	NA	NA	NA	NA
NC_045512.2	30469	G	C	0	0	0	1	1	93	1	1	1	FALSE	NA	NA	NA	NA	NA	NA
NC_045512.2	30470	A	T	0	0	0	1	1	65	1	1	1	FALSE	NA	NA	NA	NA	NA	NA
NC_045512.2	30471	T	G	0	0	0	1	1	75	1	1	1	FALSE	NA	NA	NA	NA	NA	NA
NC_045512.2	30473	G	A	0	0	0	1	1	82	1	1	1	FALSE	NA	NA	NA	NA	NA	NA
NC_045512.2	30474	G	C	0	0	0	1	1	93	1	1	1	FALSE	NA	NA	NA	NA	NA	NA
NC_045512.2	30475	C	T	0	0	0	1	1	57	1	1	1	FALSE	NA	NA	NA	NA	NA	NA
NC_045512.2	30476	T	+C	1	1	70	1	0	20	1	1	1	FALSE	NA	NA	NA	NA	NA	NA
NC_045512.2	30477	A	C	0	0	0	1	1	59	1	1	1	FALSE	NA	NA	NA	NA	NA	NA
NC_045512.2	30478	T	C	0	0	0	1	1	66	1	1	1	FALSE	NA	NA	NA	NA	NA	NA
NC_045512.2	30482	A	T	0	0	0	1	1	56	1	1	1	FALSE	NA	NA	NA	NA	NA	NA
NC_045512.2	30483	A	G	0	0	0	1	1	40	1	1	1	FALSE	NA	NA	NA	NA	NA	NA
NC_045512.2	30485	G	T	0	0	0	1	1	90	1	1	1	FALSE	NA	NA	NA	NA	NA	NA
NC_045512.2	30486	T	G	0	0	0	1	1	93	1	1	1	FALSE	NA	NA	NA	NA	NA	NA
NC_045512.2	30489	T	A	0	0	0	1	1	71	1	1	1	FALSE	NA	NA	NA	NA	NA	NA
NC_045512.2	30490	C	A	0	0	0	1	1	62	1	1	1	FALSE	NA	NA	NA	NA	NA	NA
NC_045512.2	30491	G	C	0	0	0	1	1	88	1	1	1	FALSE	NA	NA	NA	NA	NA	NA
NC_045512.2	30492	C	A	0	0	0	1	1	93	1	1	1	FALSE	NA	NA	NA	NA	NA	NA
NC_045512.2	30493	T	A	0	0	0	1	1	87	1	1	1	FALSE	NA	NA	NA	NA	NA	NA
NC_045512.2	30494	T	A	0	0	0	1	1	45	1	1	1	FALSE	NA	NA	NA	NA	NA	NA
NC_045512.2	30495	T	G	0	0	0	1	1	93	1	1	1	FALSE	NA	NA	NA	NA	NA	NA
NC_045512.2	30496	T	A	0	0	0	1	1	45	1	1	1	FALSE	NA	NA	NA	NA	NA	NA
NC_045512.2	30498	C	G	0	0	0	1	1	61	1	1	1	FALSE	NA	NA	NA	NA	NA	NA
NC_045512.2	30500	T	C	0	0	0	1	1	50	1	1	1	FALSE	NA	NA	NA	NA	NA	NA
NC_045512.2	30501	T	A	0	0	0	1	1	28	1	1	1	FALSE	NA	NA	NA	NA	NA	NA
NC_045512.2	30503	A	C	0	0	0	1	1	93	1	1	1	FALSE	NA	NA	NA	NA	NA	NA
NC_045512.2	30504	C	A	0	0	0	1	1	93	1	1	1	FALSE	NA	NA	NA	NA	NA	NA
NC_045512.2	30505	G	T	0	0	0	1	1	93	1	1	1	FALSE	NA	NA	NA	NA	NA	NA
NC_045512.2	30508	A	G	0	0	0	1	1	93	1	1	1	FALSE	NA	NA	NA	NA	NA	NA
NC_045512.2	30509	T	G	0	0	0	1	1	93	1	1	1	FALSE	NA	NA	NA	NA	NA	NA
NC_045512.2	30510	A	G	0	0	0	1	1	93	1	1	1	FALSE	NA	NA	NA	NA	NA	NA
NC_045512.2	30512	A	T	0	0	0	1	1	87	1	1	1	FALSE	NA	NA	NA	NA	NA	NA
NC_045512.2	30514	T	C	0	0	0	1	1	60	1	1	1	FALSE	NA	NA	NA	NA	NA	NA
NC_045512.2	30515	C	A	0	0	0	1	1	93	1	1	1	FALSE	NA	NA	NA	NA	NA	NA
NC_045512.2	30516	T	A	0	0	0	1	1	55	1	1	1	FALSE	NA	NA	NA	NA	NA	NA
NC_045512.2	30517	A	C	0	0	0	1	1	71	1	1	1	FALSE	NA	NA	NA	NA	NA	NA
NC_045512.2	30518	C	T	0	0	0	1	1	93	1	1	1	FALSE	NA	NA	NA	NA	NA	NA
NC_045512.2	30519	T	G	0	0	0	1	1	93	1	1	1	FALSE	NA	NA	NA	NA	NA	NA
NC_045512.2	30520	C	A	0	0	0	1	1	93	1	1	1	FALSE	NA	NA	NA	NA	NA	NA
NC_045512.2	30521	T	G	0	0	0	1	1	93	1	1	1	FALSE	NA	NA	NA	NA	NA	NA
NC_045512.2	30522	T	G	0	0	0	1	1	93	1	1	1	FALSE	NA	NA	NA	NA	NA	NA
NC_045512.2	30524	T	A	0	0	0	1	1	93	1	1	1	FALSE	NA	NA	NA	NA	NA	NA
NC_045512.2	30527	A	C	0	0	0	1	1	37	1	1	1	FALSE	NA	NA	NA	NA	NA	NA
NC_045512.2	30528	G	T	0	0	0	1	1	93	1	1	1	FALSE	NA	NA	NA	NA	NA	NA
NC_045512.2	30529	A	T	0	0	0	1	1	78	1	1	1	FALSE	NA	NA	NA	NA	NA	NA
NC_045512.2	30530	A	G	0	0	0	1	1	89	1	1	1	FALSE	NA	NA	NA	NA	NA	NA
NC_045512.2	30531	T	A	0	0	0	1	1	78	1	1	1	FALSE	NA	NA	NA	NA	NA	NA
NC_045512.2	30532	G	A	0	0	0	1	1	57	1	1	1	FALSE	NA	NA	NA	NA	NA	NA
NC_045512.2	30533	A	T	0	0	0	1	1	54	1	1	1	FALSE	NA	NA	NA	NA	NA	NA
NC_045512.2	30535	T	C	0	0	0	1	1	59	1	1	1	FALSE	NA	NA	NA	NA	NA	NA
NC_045512.2	30536	T	A	0	0	0	1	1	64	1	1	1	FALSE	NA	NA	NA	NA	NA	NA
NC_045512.2	30538	T	C	0	0	0	1	1	27	1	1	1	FALSE	NA	NA	NA	NA	NA	NA
NC_045512.2	30539	C	A	0	0	0	1	1	34	1	1	1	FALSE	NA	NA	NA	NA	NA	NA
NC_045512.2	30540	G	A	0	0	0	1	1	23	1	1	1	FALSE	NA	NA	NA	NA	NA	NA
NC_045512.2	30543	A	G	0	0	0	1	1	65	1	1	1	FALSE	NA	NA	NA	NA	NA	NA
NC_045512.2	30544	C	A	0	0	0	1	1	74	1	1	1	FALSE	NA	NA	NA	NA	NA	NA
NC_045512.2	30546	A	C	0	0	0	1	1	93	1	1	1	FALSE	NA	NA	NA	NA	NA	NA
NC_045512.2	30547	C	A	0	0	0	1	1	82	1	1	1	FALSE	NA	NA	NA	NA	NA	NA
NC_045512.2	30548	A	C	0	0	0	1	1	93	1	1	1	FALSE	NA	NA	NA	NA	NA	NA
NC_045512.2	30549	T	A	0	0	0	1	1	45	1	1	1	FALSE	NA	NA	NA	NA	NA	NA
NC_045512.2	30550	A	T	0	0	0	1	1	41	1	1	1	FALSE	NA	NA	NA	NA	NA	NA
NC_045512.2	30551	G	T	0	0	0	1	1	64	1	1	1	FALSE	NA	NA	NA	NA	NA	NA
NC_045512.2	30552	C	G	0	0	0	1	1	93	1	1	1	FALSE	NA	NA	NA	NA	NA	NA
NC_045512.2	30553	A	G	0	0	0	1	1	58	1	1	1	FALSE	NA	NA	NA	NA	NA	NA
NC_045512.2	30556	A	C	0	0	0	1	1	88	1	1	1	FALSE	NA	NA	NA	NA	NA	NA
NC_045512.2	30557	G	C	0	0	0	1	1	93	1	1	1	FALSE	NA	NA	NA	NA	NA	NA
NC_045512.2	30558	T	C	0	0	0	1	1	46	1	1	1	FALSE	NA	NA	NA	NA	NA	NA
NC_045512.2	30559	A	G	0	0	0	1	1	71	1	1	1	FALSE	NA	NA	NA	NA	NA	NA
NC_045512.2	30560	G	C	0	0	0	1	1	57	1	1	1	FALSE	NA	NA	NA	NA	NA	NA
NC_045512.2	30562	T	A	0	0	0	1	1	88	1	1	1	FALSE	NA	NA	NA	NA	NA	NA
NC_045512.2	30563	G	T	0	0	0	1	1	79	1	1	1	FALSE	NA	NA	NA	NA	NA	NA
NC_045512.2	30564	T	C	0	0	0	1	1	93	1	1	1	FALSE	NA	NA	NA	NA	NA	NA
NC_045512.2	30565	A	C	0	0	0	1	1	57	1	1	1	FALSE	NA	NA	NA	NA	NA	NA
NC_045512.2	30566	G	T	0	0	0	1	1	93	1	1	1	FALSE	NA	NA	NA	NA	NA	NA
NC_045512.2	30567	T	G	0	0	0	1	1	93	1	1	1	FALSE	NA	NA	NA	NA	NA	NA
NC_045512.2	30568	T	C	0	0	0	1	1	29	1	1	1	FALSE	NA	NA	NA	NA	NA	NA
NC_045512.2	30569	A	T	0	0	0	1	1	93	1	1	1	FALSE	NA	NA	NA	NA	NA	NA
NC_045512.2	30571	C	A	0	0	0	1	1	85	1	1	1	FALSE	NA	NA	NA	NA	NA	NA
NC_045512.2	30572	T	C	0	0	0	1	1	80	1	1	1	FALSE	NA	NA	NA	NA	NA	NA
NC_045512.2	30573	T	A	0	0	0	1	1	93	1	1	1	FALSE	NA	NA	NA	NA	NA	NA
NC_045512.2	30574	T	A	0	0	0	1	1	90	1	1	1	FALSE	NA	NA	NA	NA	NA	NA
NC_045512.2	30575	A	T	0	0	0	1	1	93	1	1	1	FALSE	NA	NA	NA	NA	NA	NA
NC_045512.2	30576	A	G	0	0	0	1	1	93	1	1	1	FALSE	NA	NA	NA	NA	NA	NA
NC_045512.2	30577	T	C	0	0	0	1	1	93	1	1	1	FALSE	NA	NA	NA	NA	NA	NA
NC_045512.2	30578	C	T	0	0	0	1	1	93	1	1	1	FALSE	NA	NA	NA	NA	NA	NA
NC_045512.2	30579	T	G	0	0	0	1	1	93	1	1	1	FALSE	NA	NA	NA	NA	NA	NA
NC_045512.2	30582	C	A	0	0	0	1	1	83	1	1	1	FALSE	NA	NA	NA	NA	NA	NA
NC_045512.2	30583	A	T	0	0	0	1	1	93	1	1	1	FALSE	NA	NA	NA	NA	NA	NA
NC_045512.2	30584	T	C	0	0	0	1	1	93	1	1	1	FALSE	NA	NA	NA	NA	NA	NA
NC_045512.2	30585	A	G	0	0	0	1	1	69	1	1	1	FALSE	NA	NA	NA	NA	NA	NA
NC_045512.2	30586	G	T	0	0	0	1	1	65	1	1	1	FALSE	NA	NA	NA	NA	NA	NA
NC_045512.2	30587	C	G	0	0	0	1	1	37	1	1	1	FALSE	NA	NA	NA	NA	NA	NA
NC_045512.2	30588	A	C	0	0	0	1	1	78	1	1	1	FALSE	NA	NA	NA	NA	NA	NA
NC_045512.2	30589	A	T	0	0	0	1	1	40	1	1	1	FALSE	NA	NA	NA	NA	NA	NA
NC_045512.2	30590	T	A	0	0	0	1	1	76	1	1	1	FALSE	NA	NA	NA	NA	NA	NA
NC_045512.2	30592	T	A	0	0	0	1	1	93	1	1	1	FALSE	NA	NA	NA	NA	NA	NA
NC_045512.2	30593	T	A	0	0	0	1	1	88	1	1	1	FALSE	NA	NA	NA	NA	NA	NA
NC_045512.2	30594	T	C	0	0	0	1	1	59	1	1	1	FALSE	NA	NA	NA	NA	NA	NA
NC_045512.2	30595	A	T	0	0	0	1	1	93	1	1	1	FALSE	NA	NA	NA	NA	NA	NA
NC_045512.2	30596	A	T	0	0	0	1	1	93	1	1	1	FALSE	NA	NA	NA	NA	NA	NA
NC_045512.2	30597	T	C	0	0	0	1	1	93	1	1	1	FALSE	NA	NA	NA	NA	NA	NA
NC_045512.2	30599	A	T	0	0	0	1	1	93	1	1	1	FALSE	NA	NA	NA	NA	NA	NA
NC_045512.2	30600	G	C	0	0	0	1	1	93	1	1	1	FALSE	NA	NA	NA	NA	NA	NA
NC_045512.2	30601	T	A	0	0	0	1	1	93	1	1	1	FALSE	NA	NA	NA	NA	NA	NA
NC_045512.2	30602	G	A	0	0	0	1	1	78	1	1	1	FALSE	NA	NA	NA	NA	NA	NA
NC_045512.2	30603	T	G	0	0	0	1	1	93	1	1	1	FALSE	NA	NA	NA	NA	NA	NA
NC_045512.2	30605	T	A	0	0	0	1	1	93	1	1	1	FALSE	NA	NA	NA	NA	NA	NA
NC_045512.2	30607	A	C	0	0	0	1	1	44	1	1	1	FALSE	NA	NA	NA	NA	NA	NA
NC_045512.2	30608	C	A	0	0	0	1	1	73	1	1	1	FALSE	NA	NA	NA	NA	NA	NA
NC_045512.2	30610	T	C	0	0	0	1	1	36	1	1	1	FALSE	NA	NA	NA	NA	NA	NA
NC_045512.2	30611	T	A	0	0	0	1	1	28	1	1	1	FALSE	NA	NA	NA	NA	NA	NA
NC_045512.2	30612	A	T	0	0	0	1	1	84	1	1	1	FALSE	NA	NA	NA	NA	NA	NA
NC_045512.2	30613	G	T	0	0	0	1	1	60	1	1	1	FALSE	NA	NA	NA	NA	NA	NA
NC_045512.2	30615	G	C	0	0	0	1	1	93	1	1	1	FALSE	NA	NA	NA	NA	NA	NA
NC_045512.2	30616	A	C	0	0	0	1	1	69	1	1	1	FALSE	NA	NA	NA	NA	NA	NA
NC_045512.2	30617	G	A	0	0	0	1	1	80	1	1	1	FALSE	NA	NA	NA	NA	NA	NA
NC_045512.2	30618	G	A	0	0	0	1	1	67	1	1	1	FALSE	NA	NA	NA	NA	NA	NA
NC_045512.2	30620	C	A	0	0	0	1	1	23	1	1	1	FALSE	NA	NA	NA	NA	NA	NA
NC_045512.2	30621	T	G	0	0	0	1	1	93	1	1	1	FALSE	NA	NA	NA	NA	NA	NA
NC_045512.2	30622	T	G	0	0	0	1	1	93	1	1	1	FALSE	NA	NA	NA	NA	NA	NA
NC_045512.2	30623	G	C	0	0	0	1	1	74	1	1	1	FALSE	NA	NA	NA	NA	NA	NA
NC_045512.2	30624	A	T	0	0	0	1	1	93	1	1	1	FALSE	NA	NA	NA	NA	NA	NA
NC_045512.2	30626	A	C	0	0	0	1	1	23	1	1	1	FALSE	NA	NA	NA	NA	NA	NA
NC_045512.2	30627	G	T	0	0	0	1	1	69	1	1	1	FALSE	NA	NA	NA	NA	NA	NA
NC_045512.2	30629	G	C	0	0	0	1	1	85	1	1	1	FALSE	NA	NA	NA	NA	NA	NA
NC_045512.2	30630	C	G	0	0	0	1	1	93	1	1	1	FALSE	NA	NA	NA	NA	NA	NA
NC_045512.2	30633	C	G	0	0	0	1	1	93	1	1	1	FALSE	NA	NA	NA	NA	NA	NA
NC_045512.2	30634	C	A	0	0	0	1	1	93	1	1	1	FALSE	NA	NA	NA	NA	NA	NA
NC_045512.2	30636	C	G	0	0	0	1	1	93	1	1	1	FALSE	NA	NA	NA	NA	NA	NA
NC_045512.2	30637	A	G	0	0	0	1	1	89	1	1	1	FALSE	NA	NA	NA	NA	NA	NA
NC_045512.2	30638	T	G	0	0	0	1	1	35	1	1	1	FALSE	NA	NA	NA	NA	NA	NA
NC_045512.2	30639	T	A	0	0	0	1	1	93	1	1	1	FALSE	NA	NA	NA	NA	NA	NA
NC_045512.2	30640	T	G	0	0	0	1	1	93	1	1	1	FALSE	NA	NA	NA	NA	NA	NA
NC_045512.2	30641	T	C	0	0	0	1	1	69	1	1	1	FALSE	NA	NA	NA	NA	NA	NA
NC_045512.2	30642	C	A	0	0	0	1	1	93	1	1	1	FALSE	NA	NA	NA	NA	NA	NA
NC_045512.2	30643	A	G	0	0	0	1	1	93	1	1	1	FALSE	NA	NA	NA	NA	NA	NA
NC_045512.2	30644	C	A	0	0	0	1	1	88	1	1	1	FALSE	NA	NA	NA	NA	NA	NA
NC_045512.2	30645	C	G	0	0	0	1	1	93	1	1	1	FALSE	NA	NA	NA	NA	NA	NA
NC_045512.2	30647	A	C	0	0	0	1	1	54	1	1	1	FALSE	NA	NA	NA	NA	NA	NA
NC_045512.2	30651	C	A	0	0	0	1	1	61	1	1	1	FALSE	NA	NA	NA	NA	NA	NA
NC_045512.2	30652	A	G	0	0	0	1	1	93	1	1	1	FALSE	NA	NA	NA	NA	NA	NA
NC_045512.2	30653	C	T	0	0	0	1	1	93	1	1	1	FALSE	NA	NA	NA	NA	NA	NA
NC_045512.2	30654	G	C	0	0	0	1	1	43	1	1	1	FALSE	NA	NA	NA	NA	NA	NA
NC_045512.2	30655	C	A	0	0	0	1	1	93	1	1	1	FALSE	NA	NA	NA	NA	NA	NA
NC_045512.2	30656	G	A	0	0	0	1	1	63	1	1	1	FALSE	NA	NA	NA	NA	NA	NA
NC_045512.2	30658	A	C	0	0	0	1	1	89	1	1	1	FALSE	NA	NA	NA	NA	NA	NA
NC_045512.2	30661	A	C	0	0	0	1	1	93	1	1	1	FALSE	NA	NA	NA	NA	NA	NA
NC_045512.2	30662	C	T	0	0	0	1	1	93	1	1	1	FALSE	NA	NA	NA	NA	NA	NA
NC_045512.2	30663	G	T	0	0	0	1	1	68	1	1	1	FALSE	NA	NA	NA	NA	NA	NA
NC_045512.2	30664	A	C	0	0	0	1	1	38	1	1	1	FALSE	NA	NA	NA	NA	NA	NA
NC_045512.2	30668	A	T	0	0	0	1	1	66	1	1	1	FALSE	NA	NA	NA	NA	NA	NA
NC_045512.2	30669	G	T	0	0	0	1	1	30	1	1	1	FALSE	NA	NA	NA	NA	NA	NA
NC_045512.2	30670	T	C	0	0	0	1	1	43	1	1	1	FALSE	NA	NA	NA	NA	NA	NA
NC_045512.2	30671	G	C	0	0	0	1	1	30	1	1	1	FALSE	NA	NA	NA	NA	NA	NA
NC_045512.2	30673	A	C	0	0	0	1	1	88	1	1	1	FALSE	NA	NA	NA	NA	NA	NA
NC_045512.2	30674	C	A	0	0	0	1	1	93	1	1	1	FALSE	NA	NA	NA	NA	NA	NA
NC_045512.2	30675	A	T	0	0	0	1	1	93	1	1	1	FALSE	NA	NA	NA	NA	NA	NA
NC_045512.2	30676	G	C	0	0	0	1	1	73	1	1	1	FALSE	NA	NA	NA	NA	NA	NA
NC_045512.2	30677	T	A	0	0	0	1	1	59	1	1	1	FALSE	NA	NA	NA	NA	NA	NA
NC_045512.2	30678	G	C	0	0	0	1	1	77	1	1	1	FALSE	NA	NA	NA	NA	NA	NA
NC_045512.2	30679	A	G	0	0	0	1	1	93	1	1	1	FALSE	NA	NA	NA	NA	NA	NA
NC_045512.2	30680	A	T	0	0	0	1	1	49	1	1	1	FALSE	NA	NA	NA	NA	NA	NA
NC_045512.2	30681	C	A	0	0	0	1	1	38	1	1	1	FALSE	NA	NA	NA	NA	NA	NA
NC_045512.2	30682	A	G	0	0	0	1	1	64	1	1	1	FALSE	NA	NA	NA	NA	NA	NA
NC_045512.2	30683	A	T	0	0	0	1	1	52	1	1	1	FALSE	NA	NA	NA	NA	NA	NA
NC_045512.2	30684	T	C	0	0	0	1	1	71	1	1	1	FALSE	NA	NA	NA	NA	NA	NA
NC_045512.2	30687	T	A	0	0	0	1	1	50	1	1	1	FALSE	NA	NA	NA	NA	NA	NA
NC_045512.2	30689	G	C	0	0	0	1	1	28	1	1	1	FALSE	NA	NA	NA	NA	NA	NA
NC_045512.2	30690	G	A	0	0	0	1	1	93	1	1	1	FALSE	NA	NA	NA	NA	NA	NA
NC_045512.2	30692	A	T	0	0	0	1	1	68	1	1	1	FALSE	NA	NA	NA	NA	NA	NA
NC_045512.2	30693	G	T	0	0	0	1	1	89	1	1	1	FALSE	NA	NA	NA	NA	NA	NA
NC_045512.2	30694	A	C	0	0	0	1	1	82	1	1	1	FALSE	NA	NA	NA	NA	NA	NA
NC_045512.2	30695	G	A	0	0	0	1	1	93	1	1	1	FALSE	NA	NA	NA	NA	NA	NA
NC_045512.2	30696	C	A	0	0	0	1	1	76	1	1	1	FALSE	NA	NA	NA	NA	NA	NA
NC_045512.2	30697	T	G	0	0	0	1	1	93	1	1	1	FALSE	NA	NA	NA	NA	NA	NA
NC_045512.2	30698	G	A	0	0	0	1	1	92	1	1	1	FALSE	NA	NA	NA	NA	NA	NA
NC_045512.2	30699	C	A	0	0	0	1	1	88	1	1	1	FALSE	NA	NA	NA	NA	NA	NA
NC_045512.2	30700	C	A	0	0	0	1	1	29	1	1	1	FALSE	NA	NA	NA	NA	NA	NA
NC_045512.2	30703	T	C	0	0	0	1	1	70	1	1	1	FALSE	NA	NA	NA	NA	NA	NA
NC_045512.2	30705	T	A	0	0	0	1	1	46	1	1	1	FALSE	NA	NA	NA	NA	NA	NA
NC_045512.2	30706	G	C	0	0	0	1	1	79	1	1	1	FALSE	NA	NA	NA	NA	NA	NA
NC_045512.2	30707	G	T	0	0	0	1	1	93	1	1	1	FALSE	NA	NA	NA	NA	NA	NA
NC_045512.2	30708	A	C	0	0	0	1	1	59	1	1	1	FALSE	NA	NA	NA	NA	NA	NA
NC_045512.2	30709	A	C	0	0	0	1	1	27	1	1	1	FALSE	NA	NA	NA	NA	NA	NA
NC_045512.2	30710	G	A	0	0	0	1	1	25	1	1	1	FALSE	NA	NA	NA	NA	NA	NA
NC_045512.2	30711	A	G	0	0	0	1	1	93	1	1	1	FALSE	NA	NA	NA	NA	NA	NA
NC_045512.2	30714	C	A	0	0	0	1	1	25	1	1	1	FALSE	NA	NA	NA	NA	NA	NA
NC_045512.2	30715	C	G	0	0	0	1	1	93	1	1	1	FALSE	NA	NA	NA	NA	NA	NA
NC_045512.2	30716	T	C	0	0	0	1	1	85	1	1	1	FALSE	NA	NA	NA	NA	NA	NA
NC_045512.2	30718	A	G	0	0	0	1	1	68	1	1	1	FALSE	NA	NA	NA	NA	NA	NA
NC_045512.2	30720	G	A	0	0	0	1	1	68	1	1	1	FALSE	NA	NA	NA	NA	NA	NA
NC_045512.2	30721	T	A	0	0	0	1	1	93	1	1	1	FALSE	NA	NA	NA	NA	NA	NA
NC_045512.2	30722	G	A	0	0	0	1	1	27	1	1	1	FALSE	NA	NA	NA	NA	NA	NA
NC_045512.2	30723	T	C	0	0	0	1	1	51	1	1	1	FALSE	NA	NA	NA	NA	NA	NA
NC_045512.2	30724	A	G	0	0	0	1	1	67	1	1	1	FALSE	NA	NA	NA	NA	NA	NA
NC_045512.2	30727	A	C	0	0	0	1	1	77	1	1	1	FALSE	NA	NA	NA	NA	NA	NA
NC_045512.2	30730	A	C	0	0	0	1	1	64	1	1	1	FALSE	NA	NA	NA	NA	NA	NA
NC_045512.2	30731	A	T	0	0	0	1	1	89	1	1	1	FALSE	NA	NA	NA	NA	NA	NA
NC_045512.2	30732	T	C	0	0	0	1	1	93	1	1	1	FALSE	NA	NA	NA	NA	NA	NA
NC_045512.2	30733	T	C	0	0	0	1	1	52	1	1	1	FALSE	NA	NA	NA	NA	NA	NA
NC_045512.2	30735	T	G	0	0	0	1	1	93	1	1	1	FALSE	NA	NA	NA	NA	NA	NA
NC_045512.2	30736	A	C	0	0	0	1	1	50	1	1	1	FALSE	NA	NA	NA	NA	NA	NA
NC_045512.2	30737	G	T	0	0	0	1	1	84	1	1	1	FALSE	NA	NA	NA	NA	NA	NA
NC_045512.2	30738	T	A	0	0	0	1	1	88	1	1	1	FALSE	NA	NA	NA	NA	NA	NA
NC_045512.2	30739	A	G	0	0	0	1	1	47	1	1	1	FALSE	NA	NA	NA	NA	NA	NA
NC_045512.2	30740	G	A	0	0	0	1	1	93	1	1	1	FALSE	NA	NA	NA	NA	NA	NA
NC_045512.2	30741	T	A	0	0	0	1	1	62	1	1	1	FALSE	NA	NA	NA	NA	NA	NA
NC_045512.2	30742	G	T	0	0	0	1	1	54	1	1	1	FALSE	NA	NA	NA	NA	NA	NA
NC_045512.2	30743	C	G	0	0	0	1	1	61	1	1	1	FALSE	NA	NA	NA	NA	NA	NA
NC_045512.2	30744	T	G	0	0	0	1	1	89	1	1	1	FALSE	NA	NA	NA	NA	NA	NA
NC_045512.2	30745	A	C	0	0	0	1	1	86	1	1	1	FALSE	NA	NA	NA	NA	NA	NA
NC_045512.2	30747	C	G	0	0	0	1	1	93	1	1	1	FALSE	NA	NA	NA	NA	NA	NA
NC_045512.2	30748	C	G	0	0	0	1	1	72	1	1	1	FALSE	NA	NA	NA	NA	NA	NA
NC_045512.2	30750	C	A	0	0	0	1	1	82	1	1	1	FALSE	NA	NA	NA	NA	NA	NA
NC_045512.2	30754	T	G	0	0	0	1	1	81	1	1	1	FALSE	NA	NA	NA	NA	NA	NA
NC_045512.2	30756	A	G	0	0	0	1	1	93	1	1	1	FALSE	NA	NA	NA	NA	NA	NA
NC_045512.2	30757	T	G	0	0	0	1	1	71	1	1	1	FALSE	NA	NA	NA	NA	NA	NA
NC_045512.2	30759	T	G	0	0	0	1	1	93	1	1	1	FALSE	NA	NA	NA	NA	NA	NA
NC_045512.2	30760	T	A	0	0	0	1	1	72	1	1	1	FALSE	NA	NA	NA	NA	NA	NA
NC_045512.2	30761	A	T	0	0	0	1	1	93	1	1	1	FALSE	NA	NA	NA	NA	NA	NA
NC_045512.2	30762	A	G	0	0	0	1	1	93	1	1	1	FALSE	NA	NA	NA	NA	NA	NA
NC_045512.2	30763	T	C	0	0	0	1	1	60	1	1	1	FALSE	NA	NA	NA	NA	NA	NA
NC_045512.2	30764	A	T	0	0	0	1	1	52	1	1	1	FALSE	NA	NA	NA	NA	NA	NA
NC_045512.2	30768	T	C	0	0	0	1	1	56	1	1	1	FALSE	NA	NA	NA	NA	NA	NA
NC_045512.2	30769	C	T	0	0	0	1	1	62	1	1	1	FALSE	NA	NA	NA	NA	NA	NA
NC_045512.2	30771	T	G	0	0	0	1	1	89	1	1	1	FALSE	NA	NA	NA	NA	NA	NA
NC_045512.2	30772	A	C	0	0	0	1	1	52	1	1	1	FALSE	NA	NA	NA	NA	NA	NA
NC_045512.2	30774	G	T	0	0	0	1	1	26	1	1	1	FALSE	NA	NA	NA	NA	NA	NA
